objid,split,category,reason,removed_from_split
1237679323388706828,train,EDGE truncation,"EDGE flag; near frame edge, cutout may be truncated off-frame (frame 7881/4/110)",False
1237652629098528894,train,RA~0 miscut,spans an RA 0/360 frame; HDU0 TAN-WCS off by ~95-176px over the whole frame -> cutout miscut (ra=359.9134),False
1237652629098528903,train,RA~0 miscut,spans an RA 0/360 frame; HDU0 TAN-WCS off by ~95-176px over the whole frame -> cutout miscut (ra=359.9152),False
1237652629098594325,train,RA~0 miscut,spans an RA 0/360 frame; HDU0 TAN-WCS off by ~95-176px over the whole frame -> cutout miscut (ra=0.0139),False
1237652629098594422,train,RA~0 miscut,spans an RA 0/360 frame; HDU0 TAN-WCS off by ~95-176px over the whole frame -> cutout miscut (ra=0.1039),False
1237652629098594441,train,RA~0 miscut,spans an RA 0/360 frame; HDU0 TAN-WCS off by ~95-176px over the whole frame -> cutout miscut (ra=0.0119),False
1237652899137519707,train,RA~0 miscut,spans an RA 0/360 frame; HDU0 TAN-WCS off by ~95-176px over the whole frame -> cutout miscut (ra=359.9974),False
1237652899137519722,train,RA~0 miscut,spans an RA 0/360 frame; HDU0 TAN-WCS off by ~95-176px over the whole frame -> cutout miscut (ra=0.0474),False
1237652900211195952,validate,RA~0 miscut,spans an RA 0/360 frame; HDU0 TAN-WCS off by ~95-176px over the whole frame -> cutout miscut (ra=359.8814),False
1237652900211195965,train,RA~0 miscut,spans an RA 0/360 frame; HDU0 TAN-WCS off by ~95-176px over the whole frame -> cutout miscut (ra=359.8984),False
1237652900211261543,train,RA~0 miscut,spans an RA 0/360 frame; HDU0 TAN-WCS off by ~95-176px over the whole frame -> cutout miscut (ra=0.0856),False
1237652900748066897,train,RA~0 miscut,spans an RA 0/360 frame; HDU0 TAN-WCS off by ~95-176px over the whole frame -> cutout miscut (ra=359.8796),False
1237652900748066920,train,RA~0 miscut,spans an RA 0/360 frame; HDU0 TAN-WCS off by ~95-176px over the whole frame -> cutout miscut (ra=359.9161),False
1237652900748132475,train,RA~0 miscut,spans an RA 0/360 frame; HDU0 TAN-WCS off by ~95-176px over the whole frame -> cutout miscut (ra=0.0644),False
1237652900748132562,train,RA~0 miscut,spans an RA 0/360 frame; HDU0 TAN-WCS off by ~95-176px over the whole frame -> cutout miscut (ra=0.0860),False
1237652901284937819,train,RA~0 miscut,spans an RA 0/360 frame; HDU0 TAN-WCS off by ~95-176px over the whole frame -> cutout miscut (ra=359.9656),False
1237652901284937845,train,RA~0 miscut,spans an RA 0/360 frame; HDU0 TAN-WCS off by ~95-176px over the whole frame -> cutout miscut (ra=359.9281),False
1237652901285003392,train,RA~0 miscut,spans an RA 0/360 frame; HDU0 TAN-WCS off by ~95-176px over the whole frame -> cutout miscut (ra=0.0065),False
1237652901285068896,train,RA~0 miscut,spans an RA 0/360 frame; HDU0 TAN-WCS off by ~95-176px over the whole frame -> cutout miscut (ra=0.1307),False
1237652901821808729,train,RA~0 miscut,spans an RA 0/360 frame; HDU0 TAN-WCS off by ~95-176px over the whole frame -> cutout miscut (ra=359.8560),False
1237652901821808770,validate,RA~0 miscut,spans an RA 0/360 frame; HDU0 TAN-WCS off by ~95-176px over the whole frame -> cutout miscut (ra=359.9187),False
1237652901821808834,train,RA~0 miscut,spans an RA 0/360 frame; HDU0 TAN-WCS off by ~95-176px over the whole frame -> cutout miscut (ra=359.9453),False
1237652901821874318,train,RA~0 miscut,spans an RA 0/360 frame; HDU0 TAN-WCS off by ~95-176px over the whole frame -> cutout miscut (ra=0.0192),False
1237652901821874385,train,RA~0 miscut,spans an RA 0/360 frame; HDU0 TAN-WCS off by ~95-176px over the whole frame -> cutout miscut (ra=0.1264),False
1237652901821874397,train,RA~0 miscut,spans an RA 0/360 frame; HDU0 TAN-WCS off by ~95-176px over the whole frame -> cutout miscut (ra=359.9918),False
1237652942101479740,train,RA~0 miscut,spans an RA 0/360 frame; HDU0 TAN-WCS off by ~95-176px over the whole frame -> cutout miscut (ra=359.8853),False
1237652942101545065,train,RA~0 miscut,spans an RA 0/360 frame; HDU0 TAN-WCS off by ~95-176px over the whole frame -> cutout miscut (ra=359.9642),False
1237652942101610636,train,RA~0 miscut,spans an RA 0/360 frame; HDU0 TAN-WCS off by ~95-176px over the whole frame -> cutout miscut (ra=0.0497),False
1237652942101610649,train,RA~0 miscut,spans an RA 0/360 frame; HDU0 TAN-WCS off by ~95-176px over the whole frame -> cutout miscut (ra=0.0609),False
1237652942101610661,validate,RA~0 miscut,spans an RA 0/360 frame; HDU0 TAN-WCS off by ~95-176px over the whole frame -> cutout miscut (ra=0.0936),False
1237652942638416020,train,RA~0 miscut,spans an RA 0/360 frame; HDU0 TAN-WCS off by ~95-176px over the whole frame -> cutout miscut (ra=359.9447),False
1237652942638416032,train,RA~0 miscut,spans an RA 0/360 frame; HDU0 TAN-WCS off by ~95-176px over the whole frame -> cutout miscut (ra=359.9584),False
1237652942638416089,train,RA~0 miscut,spans an RA 0/360 frame; HDU0 TAN-WCS off by ~95-176px over the whole frame -> cutout miscut (ra=0.0237),False
1237652942638481565,train,RA~0 miscut,spans an RA 0/360 frame; HDU0 TAN-WCS off by ~95-176px over the whole frame -> cutout miscut (ra=0.0358),False
1237652942638481612,train,RA~0 miscut,spans an RA 0/360 frame; HDU0 TAN-WCS off by ~95-176px over the whole frame -> cutout miscut (ra=0.0829),False
1237652942638481637,train,RA~0 miscut,spans an RA 0/360 frame; HDU0 TAN-WCS off by ~95-176px over the whole frame -> cutout miscut (ra=0.1170),False
1237652943175221550,train,RA~0 miscut,spans an RA 0/360 frame; HDU0 TAN-WCS off by ~95-176px over the whole frame -> cutout miscut (ra=359.8532),False
1237652943175287034,train,RA~0 miscut,spans an RA 0/360 frame; HDU0 TAN-WCS off by ~95-176px over the whole frame -> cutout miscut (ra=359.8746),False
1237652943175287159,train,RA~0 miscut,spans an RA 0/360 frame; HDU0 TAN-WCS off by ~95-176px over the whole frame -> cutout miscut (ra=0.0100),False
1237652943175352448,train,RA~0 miscut,spans an RA 0/360 frame; HDU0 TAN-WCS off by ~95-176px over the whole frame -> cutout miscut (ra=0.1152),False
1237652943712157799,train,RA~0 miscut,spans an RA 0/360 frame; HDU0 TAN-WCS off by ~95-176px over the whole frame -> cutout miscut (ra=359.8714),False
1237652943712157811,validate,RA~0 miscut,spans an RA 0/360 frame; HDU0 TAN-WCS off by ~95-176px over the whole frame -> cutout miscut (ra=359.8780),False
1237652943712157878,train,RA~0 miscut,spans an RA 0/360 frame; HDU0 TAN-WCS off by ~95-176px over the whole frame -> cutout miscut (ra=359.9459),False
1237652943712157954,train,RA~0 miscut,spans an RA 0/360 frame; HDU0 TAN-WCS off by ~95-176px over the whole frame -> cutout miscut (ra=359.9291),False
1237652943712157956,train,RA~0 miscut,spans an RA 0/360 frame; HDU0 TAN-WCS off by ~95-176px over the whole frame -> cutout miscut (ra=359.9320),False
1237652944249028635,train,RA~0 miscut,spans an RA 0/360 frame; HDU0 TAN-WCS off by ~95-176px over the whole frame -> cutout miscut (ra=359.8826),False
1237652944249028783,train,RA~0 miscut,spans an RA 0/360 frame; HDU0 TAN-WCS off by ~95-176px over the whole frame -> cutout miscut (ra=359.8651),False
1237652944249094336,train,RA~0 miscut,spans an RA 0/360 frame; HDU0 TAN-WCS off by ~95-176px over the whole frame -> cutout miscut (ra=0.0776),False
1237652944249094380,train,RA~0 miscut,spans an RA 0/360 frame; HDU0 TAN-WCS off by ~95-176px over the whole frame -> cutout miscut (ra=0.1212),False
1237652944249094386,train,RA~0 miscut,spans an RA 0/360 frame; HDU0 TAN-WCS off by ~95-176px over the whole frame -> cutout miscut (ra=0.1289),False
1237652944785899658,train,RA~0 miscut,spans an RA 0/360 frame; HDU0 TAN-WCS off by ~95-176px over the whole frame -> cutout miscut (ra=359.8586),False
1237652944785965203,train,RA~0 miscut,spans an RA 0/360 frame; HDU0 TAN-WCS off by ~95-176px over the whole frame -> cutout miscut (ra=0.0952),False
1237652946378162263,train,RA~0 miscut,spans an RA 0/360 frame; HDU0 TAN-WCS off by ~95-176px over the whole frame -> cutout miscut (ra=359.9138),False
1237652946378162273,train,RA~0 miscut,spans an RA 0/360 frame; HDU0 TAN-WCS off by ~95-176px over the whole frame -> cutout miscut (ra=359.9569),False
1237652946378162295,train,RA~0 miscut,spans an RA 0/360 frame; HDU0 TAN-WCS off by ~95-176px over the whole frame -> cutout miscut (ra=359.9904),False
1237652946378162303,train,RA~0 miscut,spans an RA 0/360 frame; HDU0 TAN-WCS off by ~95-176px over the whole frame -> cutout miscut (ra=0.0192),False
1237652946378227754,train,RA~0 miscut,spans an RA 0/360 frame; HDU0 TAN-WCS off by ~95-176px over the whole frame -> cutout miscut (ra=0.0793),False
1237652946914967727,train,RA~0 miscut,spans an RA 0/360 frame; HDU0 TAN-WCS off by ~95-176px over the whole frame -> cutout miscut (ra=359.8548),False
1237652946915033185,train,RA~0 miscut,spans an RA 0/360 frame; HDU0 TAN-WCS off by ~95-176px over the whole frame -> cutout miscut (ra=359.9153),False
1237652946915033229,train,RA~0 miscut,spans an RA 0/360 frame; HDU0 TAN-WCS off by ~95-176px over the whole frame -> cutout miscut (ra=359.9799),False
1237652946915033262,train,RA~0 miscut,spans an RA 0/360 frame; HDU0 TAN-WCS off by ~95-176px over the whole frame -> cutout miscut (ra=0.0515),False
1237652946915033269,train,RA~0 miscut,spans an RA 0/360 frame; HDU0 TAN-WCS off by ~95-176px over the whole frame -> cutout miscut (ra=0.0587),False
1237652946915098799,train,RA~0 miscut,spans an RA 0/360 frame; HDU0 TAN-WCS off by ~95-176px over the whole frame -> cutout miscut (ra=0.1014),False
1237652946915098813,train,RA~0 miscut,spans an RA 0/360 frame; HDU0 TAN-WCS off by ~95-176px over the whole frame -> cutout miscut (ra=0.1333),False
1237652947988709510,train,RA~0 miscut,spans an RA 0/360 frame; HDU0 TAN-WCS off by ~95-176px over the whole frame -> cutout miscut (ra=359.9107),False
1237652947988775009,train,RA~0 miscut,spans an RA 0/360 frame; HDU0 TAN-WCS off by ~95-176px over the whole frame -> cutout miscut (ra=359.9948),False
1237652947988840510,train,RA~0 miscut,spans an RA 0/360 frame; HDU0 TAN-WCS off by ~95-176px over the whole frame -> cutout miscut (ra=0.0804),False
1237652947988840515,train,RA~0 miscut,spans an RA 0/360 frame; HDU0 TAN-WCS off by ~95-176px over the whole frame -> cutout miscut (ra=0.0821),False
1237652947988840583,train,RA~0 miscut,spans an RA 0/360 frame; HDU0 TAN-WCS off by ~95-176px over the whole frame -> cutout miscut (ra=0.0944),False
1237652947988840589,train,RA~0 miscut,spans an RA 0/360 frame; HDU0 TAN-WCS off by ~95-176px over the whole frame -> cutout miscut (ra=0.1045),False
1237652947988840592,train,RA~0 miscut,spans an RA 0/360 frame; HDU0 TAN-WCS off by ~95-176px over the whole frame -> cutout miscut (ra=0.1123),False
1237652947988841006,train,RA~0 miscut,spans an RA 0/360 frame; HDU0 TAN-WCS off by ~95-176px over the whole frame -> cutout miscut (ra=0.1465),False
1237652948525645902,train,RA~0 miscut,spans an RA 0/360 frame; HDU0 TAN-WCS off by ~95-176px over the whole frame -> cutout miscut (ra=0.0216),False
1237652948525711550,train,RA~0 miscut,spans an RA 0/360 frame; HDU0 TAN-WCS off by ~95-176px over the whole frame -> cutout miscut (ra=0.1133),False
1237652949062516818,train,RA~0 miscut,spans an RA 0/360 frame; HDU0 TAN-WCS off by ~95-176px over the whole frame -> cutout miscut (ra=0.0174),False
1237653442988867657,train,RA~0 miscut,spans an RA 0/360 frame; HDU0 TAN-WCS off by ~95-176px over the whole frame -> cutout miscut (ra=359.8614),False
1237656494039892177,train,RA~0 miscut,spans an RA 0/360 frame; HDU0 TAN-WCS off by ~95-176px over the whole frame -> cutout miscut (ra=359.9642),False
1237656494039957652,train,RA~0 miscut,spans an RA 0/360 frame; HDU0 TAN-WCS off by ~95-176px over the whole frame -> cutout miscut (ra=0.0354),False
1237656494576763016,validate,RA~0 miscut,spans an RA 0/360 frame; HDU0 TAN-WCS off by ~95-176px over the whole frame -> cutout miscut (ra=359.9001),False
1237656494576763027,train,RA~0 miscut,spans an RA 0/360 frame; HDU0 TAN-WCS off by ~95-176px over the whole frame -> cutout miscut (ra=359.9335),False
1237656494576763057,train,RA~0 miscut,spans an RA 0/360 frame; HDU0 TAN-WCS off by ~95-176px over the whole frame -> cutout miscut (ra=359.9682),False
1237656494576763070,validate,RA~0 miscut,spans an RA 0/360 frame; HDU0 TAN-WCS off by ~95-176px over the whole frame -> cutout miscut (ra=0.0144),False
1237656494576763153,train,RA~0 miscut,spans an RA 0/360 frame; HDU0 TAN-WCS off by ~95-176px over the whole frame -> cutout miscut (ra=359.8971),False
1237656494576828657,train,RA~0 miscut,spans an RA 0/360 frame; HDU0 TAN-WCS off by ~95-176px over the whole frame -> cutout miscut (ra=0.0544),False
1237656494576828666,train,RA~0 miscut,spans an RA 0/360 frame; HDU0 TAN-WCS off by ~95-176px over the whole frame -> cutout miscut (ra=0.0602),False
1237656495113633986,train,RA~0 miscut,spans an RA 0/360 frame; HDU0 TAN-WCS off by ~95-176px over the whole frame -> cutout miscut (ra=359.8704),False
1237656495113634041,train,RA~0 miscut,spans an RA 0/360 frame; HDU0 TAN-WCS off by ~95-176px over the whole frame -> cutout miscut (ra=359.9113),False
1237656495113634055,train,RA~0 miscut,spans an RA 0/360 frame; HDU0 TAN-WCS off by ~95-176px over the whole frame -> cutout miscut (ra=359.9287),False
1237656495113699487,train,RA~0 miscut,spans an RA 0/360 frame; HDU0 TAN-WCS off by ~95-176px over the whole frame -> cutout miscut (ra=0.0678),False
1237656495113699525,train,RA~0 miscut,spans an RA 0/360 frame; HDU0 TAN-WCS off by ~95-176px over the whole frame -> cutout miscut (ra=0.1350),False
1237656495113699540,train,RA~0 miscut,spans an RA 0/360 frame; HDU0 TAN-WCS off by ~95-176px over the whole frame -> cutout miscut (ra=0.1425),False
1237656495650504879,train,RA~0 miscut,spans an RA 0/360 frame; HDU0 TAN-WCS off by ~95-176px over the whole frame -> cutout miscut (ra=359.9528),False
1237656495650504896,train,RA~0 miscut,spans an RA 0/360 frame; HDU0 TAN-WCS off by ~95-176px over the whole frame -> cutout miscut (ra=359.9783),False
1237656495650570398,train,RA~0 miscut,spans an RA 0/360 frame; HDU0 TAN-WCS off by ~95-176px over the whole frame -> cutout miscut (ra=0.0108),False
1237656495650570466,train,RA~0 miscut,spans an RA 0/360 frame; HDU0 TAN-WCS off by ~95-176px over the whole frame -> cutout miscut (ra=0.1145),False
1237656495650570545,train,RA~0 miscut,spans an RA 0/360 frame; HDU0 TAN-WCS off by ~95-176px over the whole frame -> cutout miscut (ra=0.0905),False
1237656495650570546,train,RA~0 miscut,spans an RA 0/360 frame; HDU0 TAN-WCS off by ~95-176px over the whole frame -> cutout miscut (ra=0.0877),False
1237656496187375819,validate,RA~0 miscut,spans an RA 0/360 frame; HDU0 TAN-WCS off by ~95-176px over the whole frame -> cutout miscut (ra=359.9263),False
1237656496187375870,train,RA~0 miscut,spans an RA 0/360 frame; HDU0 TAN-WCS off by ~95-176px over the whole frame -> cutout miscut (ra=359.8756),False
1237656496187375896,train,RA~0 miscut,spans an RA 0/360 frame; HDU0 TAN-WCS off by ~95-176px over the whole frame -> cutout miscut (ra=359.9520),False
1237656496187441218,train,RA~0 miscut,spans an RA 0/360 frame; HDU0 TAN-WCS off by ~95-176px over the whole frame -> cutout miscut (ra=0.0735),False
1237656496187441257,train,RA~0 miscut,spans an RA 0/360 frame; HDU0 TAN-WCS off by ~95-176px over the whole frame -> cutout miscut (ra=359.9912),False
1237656496187441273,train,RA~0 miscut,spans an RA 0/360 frame; HDU0 TAN-WCS off by ~95-176px over the whole frame -> cutout miscut (ra=0.0058),False
1237656496187441311,train,RA~0 miscut,spans an RA 0/360 frame; HDU0 TAN-WCS off by ~95-176px over the whole frame -> cutout miscut (ra=0.0376),False
1237656496724246573,train,RA~0 miscut,spans an RA 0/360 frame; HDU0 TAN-WCS off by ~95-176px over the whole frame -> cutout miscut (ra=359.8774),False
1237656496724246825,train,RA~0 miscut,spans an RA 0/360 frame; HDU0 TAN-WCS off by ~95-176px over the whole frame -> cutout miscut (ra=359.9807),False
1237656496724246872,train,RA~0 miscut,spans an RA 0/360 frame; HDU0 TAN-WCS off by ~95-176px over the whole frame -> cutout miscut (ra=359.9484),False
1237656496724312079,train,RA~0 miscut,spans an RA 0/360 frame; HDU0 TAN-WCS off by ~95-176px over the whole frame -> cutout miscut (ra=0.0087),False
1237656496724312200,train,RA~0 miscut,spans an RA 0/360 frame; HDU0 TAN-WCS off by ~95-176px over the whole frame -> cutout miscut (ra=0.0301),False
1237656496724312217,train,RA~0 miscut,spans an RA 0/360 frame; HDU0 TAN-WCS off by ~95-176px over the whole frame -> cutout miscut (ra=0.0255),False
1237656496724312225,train,RA~0 miscut,spans an RA 0/360 frame; HDU0 TAN-WCS off by ~95-176px over the whole frame -> cutout miscut (ra=0.0318),False
1237656496724312244,train,RA~0 miscut,spans an RA 0/360 frame; HDU0 TAN-WCS off by ~95-176px over the whole frame -> cutout miscut (ra=0.0316),False
1237656496724312280,train,RA~0 miscut,spans an RA 0/360 frame; HDU0 TAN-WCS off by ~95-176px over the whole frame -> cutout miscut (ra=0.0547),False
1237656496724312330,train,RA~0 miscut,spans an RA 0/360 frame; HDU0 TAN-WCS off by ~95-176px over the whole frame -> cutout miscut (ra=0.1110),False
1237656496724312404,train,RA~0 miscut,spans an RA 0/360 frame; HDU0 TAN-WCS off by ~95-176px over the whole frame -> cutout miscut (ra=0.0839),False
1237656906355048611,validate,RA~0 miscut,spans an RA 0/360 frame; HDU0 TAN-WCS off by ~95-176px over the whole frame -> cutout miscut (ra=359.8749),False
1237656906355048679,train,RA~0 miscut,spans an RA 0/360 frame; HDU0 TAN-WCS off by ~95-176px over the whole frame -> cutout miscut (ra=359.8825),False
1237656906355114314,validate,RA~0 miscut,spans an RA 0/360 frame; HDU0 TAN-WCS off by ~95-176px over the whole frame -> cutout miscut (ra=0.0432),False
1237657190368346267,train,RA~0 miscut,spans an RA 0/360 frame; HDU0 TAN-WCS off by ~95-176px over the whole frame -> cutout miscut (ra=0.0408),False
1237657190368346348,train,RA~0 miscut,spans an RA 0/360 frame; HDU0 TAN-WCS off by ~95-176px over the whole frame -> cutout miscut (ra=359.9885),False
1237657190368346389,train,RA~0 miscut,spans an RA 0/360 frame; HDU0 TAN-WCS off by ~95-176px over the whole frame -> cutout miscut (ra=0.0440),False
1237657190368411703,train,RA~0 miscut,spans an RA 0/360 frame; HDU0 TAN-WCS off by ~95-176px over the whole frame -> cutout miscut (ra=0.1054),False
1237657190368411708,validate,RA~0 miscut,spans an RA 0/360 frame; HDU0 TAN-WCS off by ~95-176px over the whole frame -> cutout miscut (ra=0.1166),False
1237657190368411722,train,RA~0 miscut,spans an RA 0/360 frame; HDU0 TAN-WCS off by ~95-176px over the whole frame -> cutout miscut (ra=0.1411),False
1237657190368411792,train,RA~0 miscut,spans an RA 0/360 frame; HDU0 TAN-WCS off by ~95-176px over the whole frame -> cutout miscut (ra=0.1073),False
1237657190368411970,validate,RA~0 miscut,spans an RA 0/360 frame; HDU0 TAN-WCS off by ~95-176px over the whole frame -> cutout miscut (ra=0.1081),False
1237657190905217071,train,RA~0 miscut,spans an RA 0/360 frame; HDU0 TAN-WCS off by ~95-176px over the whole frame -> cutout miscut (ra=0.0185),False
1237657190905217162,train,RA~0 miscut,spans an RA 0/360 frame; HDU0 TAN-WCS off by ~95-176px over the whole frame -> cutout miscut (ra=359.9522),False
1237657190905217191,train,RA~0 miscut,spans an RA 0/360 frame; HDU0 TAN-WCS off by ~95-176px over the whole frame -> cutout miscut (ra=0.0007),False
1237657190905217193,train,RA~0 miscut,spans an RA 0/360 frame; HDU0 TAN-WCS off by ~95-176px over the whole frame -> cutout miscut (ra=0.0079),False
1237657190905217313,train,RA~0 miscut,spans an RA 0/360 frame; HDU0 TAN-WCS off by ~95-176px over the whole frame -> cutout miscut (ra=0.0869),False
1237657190905217364,train,RA~0 miscut,spans an RA 0/360 frame; HDU0 TAN-WCS off by ~95-176px over the whole frame -> cutout miscut (ra=359.9630),False
1237657190905217611,train,RA~0 miscut,spans an RA 0/360 frame; HDU0 TAN-WCS off by ~95-176px over the whole frame -> cutout miscut (ra=0.0833),False
1237657191978893343,train,RA~0 miscut,spans an RA 0/360 frame; HDU0 TAN-WCS off by ~95-176px over the whole frame -> cutout miscut (ra=359.8509),False
1237657191978893452,train,RA~0 miscut,spans an RA 0/360 frame; HDU0 TAN-WCS off by ~95-176px over the whole frame -> cutout miscut (ra=359.8582),False
1237657191978893471,train,RA~0 miscut,spans an RA 0/360 frame; HDU0 TAN-WCS off by ~95-176px over the whole frame -> cutout miscut (ra=359.8776),False
1237657191978893497,train,RA~0 miscut,spans an RA 0/360 frame; HDU0 TAN-WCS off by ~95-176px over the whole frame -> cutout miscut (ra=359.9220),False
1237657191978893517,train,RA~0 miscut,spans an RA 0/360 frame; HDU0 TAN-WCS off by ~95-176px over the whole frame -> cutout miscut (ra=359.9293),False
1237657191978893523,train,RA~0 miscut,spans an RA 0/360 frame; HDU0 TAN-WCS off by ~95-176px over the whole frame -> cutout miscut (ra=359.9352),False
1237657191978893528,train,RA~0 miscut,spans an RA 0/360 frame; HDU0 TAN-WCS off by ~95-176px over the whole frame -> cutout miscut (ra=359.9371),False
1237657191978893533,train,RA~0 miscut,spans an RA 0/360 frame; HDU0 TAN-WCS off by ~95-176px over the whole frame -> cutout miscut (ra=359.9377),False
1237657191978893565,train,RA~0 miscut,spans an RA 0/360 frame; HDU0 TAN-WCS off by ~95-176px over the whole frame -> cutout miscut (ra=359.8769),False
1237657191978893571,train,RA~0 miscut,spans an RA 0/360 frame; HDU0 TAN-WCS off by ~95-176px over the whole frame -> cutout miscut (ra=359.8887),False
1237657191978893572,train,RA~0 miscut,spans an RA 0/360 frame; HDU0 TAN-WCS off by ~95-176px over the whole frame -> cutout miscut (ra=359.9000),False
1237657191978893583,validate,RA~0 miscut,spans an RA 0/360 frame; HDU0 TAN-WCS off by ~95-176px over the whole frame -> cutout miscut (ra=359.9397),False
1237657191978893656,train,RA~0 miscut,spans an RA 0/360 frame; HDU0 TAN-WCS off by ~95-176px over the whole frame -> cutout miscut (ra=359.9319),False
1237657191978894070,train,RA~0 miscut,spans an RA 0/360 frame; HDU0 TAN-WCS off by ~95-176px over the whole frame -> cutout miscut (ra=359.9247),False
1237657191978958853,train,RA~0 miscut,spans an RA 0/360 frame; HDU0 TAN-WCS off by ~95-176px over the whole frame -> cutout miscut (ra=359.9669),False
1237657191978959004,train,RA~0 miscut,spans an RA 0/360 frame; HDU0 TAN-WCS off by ~95-176px over the whole frame -> cutout miscut (ra=359.9672),False
1237657191978959022,train,RA~0 miscut,spans an RA 0/360 frame; HDU0 TAN-WCS off by ~95-176px over the whole frame -> cutout miscut (ra=359.9849),False
1237657191978959031,train,RA~0 miscut,spans an RA 0/360 frame; HDU0 TAN-WCS off by ~95-176px over the whole frame -> cutout miscut (ra=359.9888),False
1237657191978959037,train,RA~0 miscut,spans an RA 0/360 frame; HDU0 TAN-WCS off by ~95-176px over the whole frame -> cutout miscut (ra=359.9950),False
1237657191978959038,validate,RA~0 miscut,spans an RA 0/360 frame; HDU0 TAN-WCS off by ~95-176px over the whole frame -> cutout miscut (ra=359.9929),False
1237657191978959039,train,RA~0 miscut,spans an RA 0/360 frame; HDU0 TAN-WCS off by ~95-176px over the whole frame -> cutout miscut (ra=0.0027),False
1237657191978959080,train,RA~0 miscut,spans an RA 0/360 frame; HDU0 TAN-WCS off by ~95-176px over the whole frame -> cutout miscut (ra=359.9939),False
1237657191978959103,train,RA~0 miscut,spans an RA 0/360 frame; HDU0 TAN-WCS off by ~95-176px over the whole frame -> cutout miscut (ra=0.0073),False
1237657191978959105,validate,RA~0 miscut,spans an RA 0/360 frame; HDU0 TAN-WCS off by ~95-176px over the whole frame -> cutout miscut (ra=0.0077),False
1237657191978959113,train,RA~0 miscut,spans an RA 0/360 frame; HDU0 TAN-WCS off by ~95-176px over the whole frame -> cutout miscut (ra=0.0123),False
1237657191978959126,validate,RA~0 miscut,spans an RA 0/360 frame; HDU0 TAN-WCS off by ~95-176px over the whole frame -> cutout miscut (ra=0.0198),False
1237657191978959136,train,RA~0 miscut,spans an RA 0/360 frame; HDU0 TAN-WCS off by ~95-176px over the whole frame -> cutout miscut (ra=0.0277),False
1237657191978959149,train,RA~0 miscut,spans an RA 0/360 frame; HDU0 TAN-WCS off by ~95-176px over the whole frame -> cutout miscut (ra=0.0422),False
1237657191978959161,train,RA~0 miscut,spans an RA 0/360 frame; HDU0 TAN-WCS off by ~95-176px over the whole frame -> cutout miscut (ra=0.0541),True
1237657191978959170,train,RA~0 miscut,spans an RA 0/360 frame; HDU0 TAN-WCS off by ~95-176px over the whole frame -> cutout miscut (ra=0.0615),False
1237657191978959188,train,RA~0 miscut,spans an RA 0/360 frame; HDU0 TAN-WCS off by ~95-176px over the whole frame -> cutout miscut (ra=0.0865),False
1237657191978959200,train,RA~0 miscut,spans an RA 0/360 frame; HDU0 TAN-WCS off by ~95-176px over the whole frame -> cutout miscut (ra=359.9699),False
1237657191978959290,train,RA~0 miscut,spans an RA 0/360 frame; HDU0 TAN-WCS off by ~95-176px over the whole frame -> cutout miscut (ra=359.9839),False
1237657191978959296,train,RA~0 miscut,spans an RA 0/360 frame; HDU0 TAN-WCS off by ~95-176px over the whole frame -> cutout miscut (ra=359.9935),False
1237657191978959473,validate,RA~0 miscut,spans an RA 0/360 frame; HDU0 TAN-WCS off by ~95-176px over the whole frame -> cutout miscut (ra=359.9620),False
1237657191978959570,train,RA~0 miscut,spans an RA 0/360 frame; HDU0 TAN-WCS off by ~95-176px over the whole frame -> cutout miscut (ra=359.9939),False
1237657191978959577,train,RA~0 miscut,spans an RA 0/360 frame; HDU0 TAN-WCS off by ~95-176px over the whole frame -> cutout miscut (ra=359.9948),False
1237657191978959666,train,RA~0 miscut,spans an RA 0/360 frame; HDU0 TAN-WCS off by ~95-176px over the whole frame -> cutout miscut (ra=0.0200),False
1237657191978959751,train,RA~0 miscut,spans an RA 0/360 frame; HDU0 TAN-WCS off by ~95-176px over the whole frame -> cutout miscut (ra=0.0475),False
1237657191979024534,validate,RA~0 miscut,spans an RA 0/360 frame; HDU0 TAN-WCS off by ~95-176px over the whole frame -> cutout miscut (ra=0.1410),False
1237657191979024620,validate,RA~0 miscut,spans an RA 0/360 frame; HDU0 TAN-WCS off by ~95-176px over the whole frame -> cutout miscut (ra=0.1468),False
1237657191979024740,train,RA~0 miscut,spans an RA 0/360 frame; HDU0 TAN-WCS off by ~95-176px over the whole frame -> cutout miscut (ra=0.1333),False
1237657191979024883,train,RA~0 miscut,spans an RA 0/360 frame; HDU0 TAN-WCS off by ~95-176px over the whole frame -> cutout miscut (ra=0.1188),False
1237657191979024896,validate,RA~0 miscut,spans an RA 0/360 frame; HDU0 TAN-WCS off by ~95-176px over the whole frame -> cutout miscut (ra=0.1235),False
1237657192515764383,train,RA~0 miscut,spans an RA 0/360 frame; HDU0 TAN-WCS off by ~95-176px over the whole frame -> cutout miscut (ra=359.9070),False
1237657192515764390,train,RA~0 miscut,spans an RA 0/360 frame; HDU0 TAN-WCS off by ~95-176px over the whole frame -> cutout miscut (ra=359.9282),False
1237657192515764397,train,RA~0 miscut,spans an RA 0/360 frame; HDU0 TAN-WCS off by ~95-176px over the whole frame -> cutout miscut (ra=359.9380),False
1237657192515764502,train,RA~0 miscut,spans an RA 0/360 frame; HDU0 TAN-WCS off by ~95-176px over the whole frame -> cutout miscut (ra=359.8740),False
1237657192515829920,train,RA~0 miscut,spans an RA 0/360 frame; HDU0 TAN-WCS off by ~95-176px over the whole frame -> cutout miscut (ra=0.0533),False
1237657192515829977,train,RA~0 miscut,spans an RA 0/360 frame; HDU0 TAN-WCS off by ~95-176px over the whole frame -> cutout miscut (ra=359.9512),False
1237657192515895509,train,RA~0 miscut,spans an RA 0/360 frame; HDU0 TAN-WCS off by ~95-176px over the whole frame -> cutout miscut (ra=0.1395),False
1237657192515895546,train,RA~0 miscut,spans an RA 0/360 frame; HDU0 TAN-WCS off by ~95-176px over the whole frame -> cutout miscut (ra=0.1007),False
1237663232842858847,train,RA~0 miscut,spans an RA 0/360 frame; HDU0 TAN-WCS off by ~95-176px over the whole frame -> cutout miscut (ra=359.9169),False
1237663232842924436,train,RA~0 miscut,spans an RA 0/360 frame; HDU0 TAN-WCS off by ~95-176px over the whole frame -> cutout miscut (ra=359.9592),False
1237663232843055428,train,RA~0 miscut,spans an RA 0/360 frame; HDU0 TAN-WCS off by ~95-176px over the whole frame -> cutout miscut (ra=359.9301),False
1237663232843252027,train,RA~0 miscut,spans an RA 0/360 frame; HDU0 TAN-WCS off by ~95-176px over the whole frame -> cutout miscut (ra=0.0461),False
1237663232843317575,train,RA~0 miscut,spans an RA 0/360 frame; HDU0 TAN-WCS off by ~95-176px over the whole frame -> cutout miscut (ra=0.1255),False
1237663233379008794,train,RA~0 miscut,spans an RA 0/360 frame; HDU0 TAN-WCS off by ~95-176px over the whole frame -> cutout miscut (ra=0.0291),False
1237663233379074372,train,RA~0 miscut,spans an RA 0/360 frame; HDU0 TAN-WCS off by ~95-176px over the whole frame -> cutout miscut (ra=0.0460),False
1237663233379270902,train,RA~0 miscut,spans an RA 0/360 frame; HDU0 TAN-WCS off by ~95-176px over the whole frame -> cutout miscut (ra=359.9749),False
1237663233914896527,train,RA~0 miscut,spans an RA 0/360 frame; HDU0 TAN-WCS off by ~95-176px over the whole frame -> cutout miscut (ra=359.8659),False
1237663233915158647,train,RA~0 miscut,spans an RA 0/360 frame; HDU0 TAN-WCS off by ~95-176px over the whole frame -> cutout miscut (ra=359.8645),False
1237663233915158826,train,RA~0 miscut,spans an RA 0/360 frame; HDU0 TAN-WCS off by ~95-176px over the whole frame -> cutout miscut (ra=359.9610),False
1237663233915158841,train,RA~0 miscut,spans an RA 0/360 frame; HDU0 TAN-WCS off by ~95-176px over the whole frame -> cutout miscut (ra=359.9314),False
1237663233915224305,train,RA~0 miscut,spans an RA 0/360 frame; HDU0 TAN-WCS off by ~95-176px over the whole frame -> cutout miscut (ra=0.0534),False
1237663233915224365,train,RA~0 miscut,spans an RA 0/360 frame; HDU0 TAN-WCS off by ~95-176px over the whole frame -> cutout miscut (ra=0.0903),False
1237663233915224415,validate,RA~0 miscut,spans an RA 0/360 frame; HDU0 TAN-WCS off by ~95-176px over the whole frame -> cutout miscut (ra=0.0785),False
1237663233915290058,train,RA~0 miscut,spans an RA 0/360 frame; HDU0 TAN-WCS off by ~95-176px over the whole frame -> cutout miscut (ra=359.9619),False
1237663233915356081,validate,RA~0 miscut,spans an RA 0/360 frame; HDU0 TAN-WCS off by ~95-176px over the whole frame -> cutout miscut (ra=0.0465),False
1237663234450981285,train,RA~0 miscut,spans an RA 0/360 frame; HDU0 TAN-WCS off by ~95-176px over the whole frame -> cutout miscut (ra=359.8940),False
1237663234451177894,train,RA~0 miscut,spans an RA 0/360 frame; HDU0 TAN-WCS off by ~95-176px over the whole frame -> cutout miscut (ra=359.9317),False
1237663234451177981,train,RA~0 miscut,spans an RA 0/360 frame; HDU0 TAN-WCS off by ~95-176px over the whole frame -> cutout miscut (ra=359.9771),False
1237663234451177990,train,RA~0 miscut,spans an RA 0/360 frame; HDU0 TAN-WCS off by ~95-176px over the whole frame -> cutout miscut (ra=359.8557),False
1237663234451244127,train,RA~0 miscut,spans an RA 0/360 frame; HDU0 TAN-WCS off by ~95-176px over the whole frame -> cutout miscut (ra=0.0380),False
1237663234451309390,train,RA~0 miscut,spans an RA 0/360 frame; HDU0 TAN-WCS off by ~95-176px over the whole frame -> cutout miscut (ra=0.0793),False
1237663234451309449,train,RA~0 miscut,spans an RA 0/360 frame; HDU0 TAN-WCS off by ~95-176px over the whole frame -> cutout miscut (ra=0.0570),False
1237663234451374377,train,RA~0 miscut,spans an RA 0/360 frame; HDU0 TAN-WCS off by ~95-176px over the whole frame -> cutout miscut (ra=0.0528),False
1237663234987393433,train,RA~0 miscut,spans an RA 0/360 frame; HDU0 TAN-WCS off by ~95-176px over the whole frame -> cutout miscut (ra=0.0480),False
1237663234987458575,train,RA~0 miscut,spans an RA 0/360 frame; HDU0 TAN-WCS off by ~95-176px over the whole frame -> cutout miscut (ra=0.0840),False
1237663234987459021,train,RA~0 miscut,spans an RA 0/360 frame; HDU0 TAN-WCS off by ~95-176px over the whole frame -> cutout miscut (ra=0.0194),False
1237663234987459169,validate,RA~0 miscut,spans an RA 0/360 frame; HDU0 TAN-WCS off by ~95-176px over the whole frame -> cutout miscut (ra=0.0023),False
1237663234987590089,train,RA~0 miscut,spans an RA 0/360 frame; HDU0 TAN-WCS off by ~95-176px over the whole frame -> cutout miscut (ra=0.1039),False
1237663234987590227,train,RA~0 miscut,spans an RA 0/360 frame; HDU0 TAN-WCS off by ~95-176px over the whole frame -> cutout miscut (ra=0.1274),False
1237663234987590261,train,RA~0 miscut,spans an RA 0/360 frame; HDU0 TAN-WCS off by ~95-176px over the whole frame -> cutout miscut (ra=0.1266),False
1237663234987590305,train,RA~0 miscut,spans an RA 0/360 frame; HDU0 TAN-WCS off by ~95-176px over the whole frame -> cutout miscut (ra=0.1076),False
1237663234987655490,train,RA~0 miscut,spans an RA 0/360 frame; HDU0 TAN-WCS off by ~95-176px over the whole frame -> cutout miscut (ra=0.0784),False
1237663234987656157,train,RA~0 miscut,spans an RA 0/360 frame; HDU0 TAN-WCS off by ~95-176px over the whole frame -> cutout miscut (ra=0.0812),False
1237663234987721155,train,RA~0 miscut,spans an RA 0/360 frame; HDU0 TAN-WCS off by ~95-176px over the whole frame -> cutout miscut (ra=0.1051),False
1237663234987721231,train,RA~0 miscut,spans an RA 0/360 frame; HDU0 TAN-WCS off by ~95-176px over the whole frame -> cutout miscut (ra=0.0937),False
1237663235523281378,train,RA~0 miscut,spans an RA 0/360 frame; HDU0 TAN-WCS off by ~95-176px over the whole frame -> cutout miscut (ra=359.9148),False
1237663235523543810,train,RA~0 miscut,spans an RA 0/360 frame; HDU0 TAN-WCS off by ~95-176px over the whole frame -> cutout miscut (ra=359.9159),False
1237663235523543815,train,RA~0 miscut,spans an RA 0/360 frame; HDU0 TAN-WCS off by ~95-176px over the whole frame -> cutout miscut (ra=0.0586),False
1237663235523674743,train,RA~0 miscut,spans an RA 0/360 frame; HDU0 TAN-WCS off by ~95-176px over the whole frame -> cutout miscut (ra=0.0505),False
1237663275780210841,train,RA~0 miscut,spans an RA 0/360 frame; HDU0 TAN-WCS off by ~95-176px over the whole frame -> cutout miscut (ra=359.9227),False
1237663275780210880,validate,RA~0 miscut,spans an RA 0/360 frame; HDU0 TAN-WCS off by ~95-176px over the whole frame -> cutout miscut (ra=359.9005),False
1237663275780211184,train,RA~0 miscut,spans an RA 0/360 frame; HDU0 TAN-WCS off by ~95-176px over the whole frame -> cutout miscut (ra=359.8747),False
1237663275780276418,train,RA~0 miscut,spans an RA 0/360 frame; HDU0 TAN-WCS off by ~95-176px over the whole frame -> cutout miscut (ra=0.0231),False
1237663275780341888,train,RA~0 miscut,spans an RA 0/360 frame; HDU0 TAN-WCS off by ~95-176px over the whole frame -> cutout miscut (ra=0.1287),False
1237663275780341986,validate,RA~0 miscut,spans an RA 0/360 frame; HDU0 TAN-WCS off by ~95-176px over the whole frame -> cutout miscut (ra=0.0790),False
1237663275780342023,train,RA~0 miscut,spans an RA 0/360 frame; HDU0 TAN-WCS off by ~95-176px over the whole frame -> cutout miscut (ra=0.1379),False
1237663275780342026,train,RA~0 miscut,spans an RA 0/360 frame; HDU0 TAN-WCS off by ~95-176px over the whole frame -> cutout miscut (ra=0.1407),False
1237663277927694546,train,RA~0 miscut,spans an RA 0/360 frame; HDU0 TAN-WCS off by ~95-176px over the whole frame -> cutout miscut (ra=359.8619),False
1237663277927694555,train,RA~0 miscut,spans an RA 0/360 frame; HDU0 TAN-WCS off by ~95-176px over the whole frame -> cutout miscut (ra=359.9011),False
1237663277927694561,train,RA~0 miscut,spans an RA 0/360 frame; HDU0 TAN-WCS off by ~95-176px over the whole frame -> cutout miscut (ra=359.9143),False
1237663277927694595,train,RA~0 miscut,spans an RA 0/360 frame; HDU0 TAN-WCS off by ~95-176px over the whole frame -> cutout miscut (ra=359.8553),False
1237663277927694596,train,RA~0 miscut,spans an RA 0/360 frame; HDU0 TAN-WCS off by ~95-176px over the whole frame -> cutout miscut (ra=359.8597),False
1237663277927759982,validate,RA~0 miscut,spans an RA 0/360 frame; HDU0 TAN-WCS off by ~95-176px over the whole frame -> cutout miscut (ra=359.9330),False
1237663277927759984,train,RA~0 miscut,spans an RA 0/360 frame; HDU0 TAN-WCS off by ~95-176px over the whole frame -> cutout miscut (ra=359.9326),False
1237663277927759998,train,RA~0 miscut,spans an RA 0/360 frame; HDU0 TAN-WCS off by ~95-176px over the whole frame -> cutout miscut (ra=359.9505),False
1237663277927760002,train,RA~0 miscut,spans an RA 0/360 frame; HDU0 TAN-WCS off by ~95-176px over the whole frame -> cutout miscut (ra=359.9518),False
1237663277927760009,train,RA~0 miscut,spans an RA 0/360 frame; HDU0 TAN-WCS off by ~95-176px over the whole frame -> cutout miscut (ra=359.9739),False
1237663277927760052,validate,RA~0 miscut,spans an RA 0/360 frame; HDU0 TAN-WCS off by ~95-176px over the whole frame -> cutout miscut (ra=359.9979),False
1237663277927760057,train,RA~0 miscut,spans an RA 0/360 frame; HDU0 TAN-WCS off by ~95-176px over the whole frame -> cutout miscut (ra=0.0043),False
1237663277927760070,train,RA~0 miscut,spans an RA 0/360 frame; HDU0 TAN-WCS off by ~95-176px over the whole frame -> cutout miscut (ra=0.0278),False
1237663277927760100,train,RA~0 miscut,spans an RA 0/360 frame; HDU0 TAN-WCS off by ~95-176px over the whole frame -> cutout miscut (ra=0.0709),False
1237663277927760116,train,RA~0 miscut,spans an RA 0/360 frame; HDU0 TAN-WCS off by ~95-176px over the whole frame -> cutout miscut (ra=359.9329),False
1237663277927760118,train,RA~0 miscut,spans an RA 0/360 frame; HDU0 TAN-WCS off by ~95-176px over the whole frame -> cutout miscut (ra=359.9606),False
1237663277927760131,train,RA~0 miscut,spans an RA 0/360 frame; HDU0 TAN-WCS off by ~95-176px over the whole frame -> cutout miscut (ra=0.0095),False
1237663277927825605,train,RA~0 miscut,spans an RA 0/360 frame; HDU0 TAN-WCS off by ~95-176px over the whole frame -> cutout miscut (ra=0.0891),False
1237663277927825695,validate,RA~0 miscut,spans an RA 0/360 frame; HDU0 TAN-WCS off by ~95-176px over the whole frame -> cutout miscut (ra=0.1072),False
1237663278464565411,train,RA~0 miscut,spans an RA 0/360 frame; HDU0 TAN-WCS off by ~95-176px over the whole frame -> cutout miscut (ra=359.8528),False
1237663278464565421,train,RA~0 miscut,spans an RA 0/360 frame; HDU0 TAN-WCS off by ~95-176px over the whole frame -> cutout miscut (ra=359.8539),False
1237663278464565424,train,RA~0 miscut,spans an RA 0/360 frame; HDU0 TAN-WCS off by ~95-176px over the whole frame -> cutout miscut (ra=359.8548),False
1237663278464565448,train,RA~0 miscut,spans an RA 0/360 frame; HDU0 TAN-WCS off by ~95-176px over the whole frame -> cutout miscut (ra=359.8946),False
1237663278464565449,train,RA~0 miscut,spans an RA 0/360 frame; HDU0 TAN-WCS off by ~95-176px over the whole frame -> cutout miscut (ra=359.8949),False
1237663278464565589,train,RA~0 miscut,spans an RA 0/360 frame; HDU0 TAN-WCS off by ~95-176px over the whole frame -> cutout miscut (ra=359.9072),False
1237663278464630926,train,RA~0 miscut,spans an RA 0/360 frame; HDU0 TAN-WCS off by ~95-176px over the whole frame -> cutout miscut (ra=359.9597),False
1237663278464631000,train,RA~0 miscut,spans an RA 0/360 frame; HDU0 TAN-WCS off by ~95-176px over the whole frame -> cutout miscut (ra=0.0297),False
1237663278464631006,train,RA~0 miscut,spans an RA 0/360 frame; HDU0 TAN-WCS off by ~95-176px over the whole frame -> cutout miscut (ra=0.0484),False
1237663278464631417,train,RA~0 miscut,spans an RA 0/360 frame; HDU0 TAN-WCS off by ~95-176px over the whole frame -> cutout miscut (ra=0.0422),False
1237663305845375199,train,RA~0 miscut,spans an RA 0/360 frame; HDU0 TAN-WCS off by ~95-176px over the whole frame -> cutout miscut (ra=0.0155),False
1237663305845375305,train,RA~0 miscut,spans an RA 0/360 frame; HDU0 TAN-WCS off by ~95-176px over the whole frame -> cutout miscut (ra=359.8828),False
1237663306381394152,validate,RA~0 miscut,spans an RA 0/360 frame; HDU0 TAN-WCS off by ~95-176px over the whole frame -> cutout miscut (ra=0.0152),False
1237663306917544387,train,RA~0 miscut,spans an RA 0/360 frame; HDU0 TAN-WCS off by ~95-176px over the whole frame -> cutout miscut (ra=359.9206),False
1237663306917609838,train,RA~0 miscut,spans an RA 0/360 frame; HDU0 TAN-WCS off by ~95-176px over the whole frame -> cutout miscut (ra=359.9835),False
1237663306917740929,train,RA~0 miscut,spans an RA 0/360 frame; HDU0 TAN-WCS off by ~95-176px over the whole frame -> cutout miscut (ra=0.0900),False
1237663306917937563,train,RA~0 miscut,spans an RA 0/360 frame; HDU0 TAN-WCS off by ~95-176px over the whole frame -> cutout miscut (ra=0.1363),False
1237663307453563100,train,RA~0 miscut,spans an RA 0/360 frame; HDU0 TAN-WCS off by ~95-176px over the whole frame -> cutout miscut (ra=359.8812),False
1237663307453628777,train,RA~0 miscut,spans an RA 0/360 frame; HDU0 TAN-WCS off by ~95-176px over the whole frame -> cutout miscut (ra=0.0389),False
1237663307453759755,train,RA~0 miscut,spans an RA 0/360 frame; HDU0 TAN-WCS off by ~95-176px over the whole frame -> cutout miscut (ra=0.0276),False
1237663307453759901,train,RA~0 miscut,spans an RA 0/360 frame; HDU0 TAN-WCS off by ~95-176px over the whole frame -> cutout miscut (ra=359.9820),False
1237663307453760005,train,RA~0 miscut,spans an RA 0/360 frame; HDU0 TAN-WCS off by ~95-176px over the whole frame -> cutout miscut (ra=0.0564),False
1237663307453760056,train,RA~0 miscut,spans an RA 0/360 frame; HDU0 TAN-WCS off by ~95-176px over the whole frame -> cutout miscut (ra=359.9148),False
1237663307453760078,train,RA~0 miscut,spans an RA 0/360 frame; HDU0 TAN-WCS off by ~95-176px over the whole frame -> cutout miscut (ra=0.0442),False
1237663307453760249,train,RA~0 miscut,spans an RA 0/360 frame; HDU0 TAN-WCS off by ~95-176px over the whole frame -> cutout miscut (ra=359.8809),False
1237663308525798288,train,RA~0 miscut,spans an RA 0/360 frame; HDU0 TAN-WCS off by ~95-176px over the whole frame -> cutout miscut (ra=0.0285),False
1237663308525863403,train,RA~0 miscut,spans an RA 0/360 frame; HDU0 TAN-WCS off by ~95-176px over the whole frame -> cutout miscut (ra=0.0222),False
1237663308525863692,train,RA~0 miscut,spans an RA 0/360 frame; HDU0 TAN-WCS off by ~95-176px over the whole frame -> cutout miscut (ra=0.0691),False
1237663308525863955,train,RA~0 miscut,spans an RA 0/360 frame; HDU0 TAN-WCS off by ~95-176px over the whole frame -> cutout miscut (ra=359.9005),False
1237663308525994507,train,RA~0 miscut,spans an RA 0/360 frame; HDU0 TAN-WCS off by ~95-176px over the whole frame -> cutout miscut (ra=0.0686),False
1237663308526060045,train,RA~0 miscut,spans an RA 0/360 frame; HDU0 TAN-WCS off by ~95-176px over the whole frame -> cutout miscut (ra=0.1328),False
1237663783123615864,train,RA~0 miscut,spans an RA 0/360 frame; HDU0 TAN-WCS off by ~95-176px over the whole frame -> cutout miscut (ra=359.9158),False
1237663783123615870,train,RA~0 miscut,spans an RA 0/360 frame; HDU0 TAN-WCS off by ~95-176px over the whole frame -> cutout miscut (ra=359.9697),False
1237663783123681369,train,RA~0 miscut,spans an RA 0/360 frame; HDU0 TAN-WCS off by ~95-176px over the whole frame -> cutout miscut (ra=0.0324),False
1237663783123681386,train,RA~0 miscut,spans an RA 0/360 frame; HDU0 TAN-WCS off by ~95-176px over the whole frame -> cutout miscut (ra=0.0484),False
1237663783123681391,train,RA~0 miscut,spans an RA 0/360 frame; HDU0 TAN-WCS off by ~95-176px over the whole frame -> cutout miscut (ra=0.0675),False
1237663783660486800,train,RA~0 miscut,spans an RA 0/360 frame; HDU0 TAN-WCS off by ~95-176px over the whole frame -> cutout miscut (ra=359.8766),False
1237663783660486902,train,RA~0 miscut,spans an RA 0/360 frame; HDU0 TAN-WCS off by ~95-176px over the whole frame -> cutout miscut (ra=359.8931),False
1237663783660552381,train,RA~0 miscut,spans an RA 0/360 frame; HDU0 TAN-WCS off by ~95-176px over the whole frame -> cutout miscut (ra=0.0111),False
1237663783660552397,train,RA~0 miscut,spans an RA 0/360 frame; HDU0 TAN-WCS off by ~95-176px over the whole frame -> cutout miscut (ra=0.0560),False
1237663784197357651,train,RA~0 miscut,spans an RA 0/360 frame; HDU0 TAN-WCS off by ~95-176px over the whole frame -> cutout miscut (ra=359.8548),True
1237663784197357674,train,RA~0 miscut,spans an RA 0/360 frame; HDU0 TAN-WCS off by ~95-176px over the whole frame -> cutout miscut (ra=359.9114),False
1237663784197357738,train,RA~0 miscut,spans an RA 0/360 frame; HDU0 TAN-WCS off by ~95-176px over the whole frame -> cutout miscut (ra=359.8773),False
1237663784197423386,train,RA~0 miscut,spans an RA 0/360 frame; HDU0 TAN-WCS off by ~95-176px over the whole frame -> cutout miscut (ra=0.0217),False
1237663784197423503,train,RA~0 miscut,spans an RA 0/360 frame; HDU0 TAN-WCS off by ~95-176px over the whole frame -> cutout miscut (ra=0.0175),False
1237666183500267972,train,RA~0 miscut,spans an RA 0/360 frame; HDU0 TAN-WCS off by ~95-176px over the whole frame -> cutout miscut (ra=0.0355),False
1237666183500268089,train,RA~0 miscut,spans an RA 0/360 frame; HDU0 TAN-WCS off by ~95-176px over the whole frame -> cutout miscut (ra=0.1187),False
1237666184037204222,train,RA~0 miscut,spans an RA 0/360 frame; HDU0 TAN-WCS off by ~95-176px over the whole frame -> cutout miscut (ra=359.9482),False
1237666184037204301,train,RA~0 miscut,spans an RA 0/360 frame; HDU0 TAN-WCS off by ~95-176px over the whole frame -> cutout miscut (ra=359.9489),False
1237666184037204365,train,RA~0 miscut,spans an RA 0/360 frame; HDU0 TAN-WCS off by ~95-176px over the whole frame -> cutout miscut (ra=359.9157),False
1237666184037204506,train,RA~0 miscut,spans an RA 0/360 frame; HDU0 TAN-WCS off by ~95-176px over the whole frame -> cutout miscut (ra=0.0501),False
1237666184037270022,train,RA~0 miscut,spans an RA 0/360 frame; HDU0 TAN-WCS off by ~95-176px over the whole frame -> cutout miscut (ra=359.9348),False
1237666184037270092,train,RA~0 miscut,spans an RA 0/360 frame; HDU0 TAN-WCS off by ~95-176px over the whole frame -> cutout miscut (ra=0.0793),False
1237666184574271705,train,RA~0 miscut,spans an RA 0/360 frame; HDU0 TAN-WCS off by ~95-176px over the whole frame -> cutout miscut (ra=0.0006),False
1237666184574271921,train,RA~0 miscut,spans an RA 0/360 frame; HDU0 TAN-WCS off by ~95-176px over the whole frame -> cutout miscut (ra=0.0043),False
1237666185111208270,train,RA~0 miscut,spans an RA 0/360 frame; HDU0 TAN-WCS off by ~95-176px over the whole frame -> cutout miscut (ra=359.8962),False
1237666185648275744,train,RA~0 miscut,spans an RA 0/360 frame; HDU0 TAN-WCS off by ~95-176px over the whole frame -> cutout miscut (ra=359.8811),False
1237666308022010166,train,RA~0 miscut,spans an RA 0/360 frame; HDU0 TAN-WCS off by ~95-176px over the whole frame -> cutout miscut (ra=359.9633),False
1237666308022075649,train,RA~0 miscut,spans an RA 0/360 frame; HDU0 TAN-WCS off by ~95-176px over the whole frame -> cutout miscut (ra=0.1381),False
1237666310169559229,train,RA~0 miscut,spans an RA 0/360 frame; HDU0 TAN-WCS off by ~95-176px over the whole frame -> cutout miscut (ra=0.0622),False
1237666408442364083,train,RA~0 miscut,spans an RA 0/360 frame; HDU0 TAN-WCS off by ~95-176px over the whole frame -> cutout miscut (ra=359.8824),False
1237666408442364487,train,RA~0 miscut,spans an RA 0/360 frame; HDU0 TAN-WCS off by ~95-176px over the whole frame -> cutout miscut (ra=359.8732),False
1237666408442429532,train,RA~0 miscut,spans an RA 0/360 frame; HDU0 TAN-WCS off by ~95-176px over the whole frame -> cutout miscut (ra=359.9695),False
1237666408442429623,train,RA~0 miscut,spans an RA 0/360 frame; HDU0 TAN-WCS off by ~95-176px over the whole frame -> cutout miscut (ra=0.0806),False
1237666408442429632,train,RA~0 miscut,spans an RA 0/360 frame; HDU0 TAN-WCS off by ~95-176px over the whole frame -> cutout miscut (ra=0.0982),False
1237666408442429716,train,RA~0 miscut,spans an RA 0/360 frame; HDU0 TAN-WCS off by ~95-176px over the whole frame -> cutout miscut (ra=0.0774),False
1237669516368085111,train,RA~0 miscut,spans an RA 0/360 frame; HDU0 TAN-WCS off by ~95-176px over the whole frame -> cutout miscut (ra=0.0302),False
1237669516368150663,validate,RA~0 miscut,spans an RA 0/360 frame; HDU0 TAN-WCS off by ~95-176px over the whole frame -> cutout miscut (ra=0.1202),False
1237669516905021656,train,RA~0 miscut,spans an RA 0/360 frame; HDU0 TAN-WCS off by ~95-176px over the whole frame -> cutout miscut (ra=0.1493),False
1237669516905021899,train,RA~0 miscut,spans an RA 0/360 frame; HDU0 TAN-WCS off by ~95-176px over the whole frame -> cutout miscut (ra=0.0549),False
1237669517441826850,train,RA~0 miscut,spans an RA 0/360 frame; HDU0 TAN-WCS off by ~95-176px over the whole frame -> cutout miscut (ra=359.9162),False
1237669517441827009,train,RA~0 miscut,spans an RA 0/360 frame; HDU0 TAN-WCS off by ~95-176px over the whole frame -> cutout miscut (ra=359.9598),False
1237669517441827023,train,RA~0 miscut,spans an RA 0/360 frame; HDU0 TAN-WCS off by ~95-176px over the whole frame -> cutout miscut (ra=359.9665),False
1237669517441827053,train,RA~0 miscut,spans an RA 0/360 frame; HDU0 TAN-WCS off by ~95-176px over the whole frame -> cutout miscut (ra=0.0274),False
1237669517441892432,train,RA~0 miscut,spans an RA 0/360 frame; HDU0 TAN-WCS off by ~95-176px over the whole frame -> cutout miscut (ra=0.0532),False
1237669517978698048,train,RA~0 miscut,spans an RA 0/360 frame; HDU0 TAN-WCS off by ~95-176px over the whole frame -> cutout miscut (ra=359.9729),False
1237669517978763407,train,RA~0 miscut,spans an RA 0/360 frame; HDU0 TAN-WCS off by ~95-176px over the whole frame -> cutout miscut (ra=0.0436),False
1237669679577301187,train,RA~0 miscut,spans an RA 0/360 frame; HDU0 TAN-WCS off by ~95-176px over the whole frame -> cutout miscut (ra=0.0583),False
1237669679577301189,train,RA~0 miscut,spans an RA 0/360 frame; HDU0 TAN-WCS off by ~95-176px over the whole frame -> cutout miscut (ra=0.0585),False
1237669679577301218,train,RA~0 miscut,spans an RA 0/360 frame; HDU0 TAN-WCS off by ~95-176px over the whole frame -> cutout miscut (ra=0.1188),False
1237669679577301230,train,RA~0 miscut,spans an RA 0/360 frame; HDU0 TAN-WCS off by ~95-176px over the whole frame -> cutout miscut (ra=0.1253),False
1237669679577301237,train,RA~0 miscut,spans an RA 0/360 frame; HDU0 TAN-WCS off by ~95-176px over the whole frame -> cutout miscut (ra=0.1393),False
1237669680114106465,train,RA~0 miscut,spans an RA 0/360 frame; HDU0 TAN-WCS off by ~95-176px over the whole frame -> cutout miscut (ra=359.9437),False
1237669680114106695,train,RA~0 miscut,spans an RA 0/360 frame; HDU0 TAN-WCS off by ~95-176px over the whole frame -> cutout miscut (ra=359.8737),False
1237669680114106856,train,RA~0 miscut,spans an RA 0/360 frame; HDU0 TAN-WCS off by ~95-176px over the whole frame -> cutout miscut (ra=0.0103),False
1237669680650977497,train,RA~0 miscut,spans an RA 0/360 frame; HDU0 TAN-WCS off by ~95-176px over the whole frame -> cutout miscut (ra=359.9500),False
1237669681724719225,train,RA~0 miscut,spans an RA 0/360 frame; HDU0 TAN-WCS off by ~95-176px over the whole frame -> cutout miscut (ra=359.8684),False
1237669681724719240,train,RA~0 miscut,spans an RA 0/360 frame; HDU0 TAN-WCS off by ~95-176px over the whole frame -> cutout miscut (ra=359.8844),False
1237669681724784917,train,RA~0 miscut,spans an RA 0/360 frame; HDU0 TAN-WCS off by ~95-176px over the whole frame -> cutout miscut (ra=0.1046),False
1237669768154054902,train,RA~0 miscut,spans an RA 0/360 frame; HDU0 TAN-WCS off by ~95-176px over the whole frame -> cutout miscut (ra=0.1344),False
1237672793422495976,train,RA~0 miscut,spans an RA 0/360 frame; HDU0 TAN-WCS off by ~95-176px over the whole frame -> cutout miscut (ra=359.9501),False
1237672793422626999,validate,RA~0 miscut,spans an RA 0/360 frame; HDU0 TAN-WCS off by ~95-176px over the whole frame -> cutout miscut (ra=359.9965),False
1237672793958973610,train,RA~0 miscut,spans an RA 0/360 frame; HDU0 TAN-WCS off by ~95-176px over the whole frame -> cutout miscut (ra=0.0344),False
1237672793959039514,train,RA~0 miscut,spans an RA 0/360 frame; HDU0 TAN-WCS off by ~95-176px over the whole frame -> cutout miscut (ra=0.0228),False
1237672793959104682,validate,RA~0 miscut,spans an RA 0/360 frame; HDU0 TAN-WCS off by ~95-176px over the whole frame -> cutout miscut (ra=0.1252),False
1237672794495516889,train,RA~0 miscut,spans an RA 0/360 frame; HDU0 TAN-WCS off by ~95-176px over the whole frame -> cutout miscut (ra=359.9986),False
1237672794495582396,train,RA~0 miscut,spans an RA 0/360 frame; HDU0 TAN-WCS off by ~95-176px over the whole frame -> cutout miscut (ra=0.0508),False
1237672794495647910,train,RA~0 miscut,spans an RA 0/360 frame; HDU0 TAN-WCS off by ~95-176px over the whole frame -> cutout miscut (ra=0.0459),False
1237672795031928977,validate,RA~0 miscut,spans an RA 0/360 frame; HDU0 TAN-WCS off by ~95-176px over the whole frame -> cutout miscut (ra=0.0305),False
1237672795031994481,train,RA~0 miscut,spans an RA 0/360 frame; HDU0 TAN-WCS off by ~95-176px over the whole frame -> cutout miscut (ra=359.9002),False
1237672795032059970,train,RA~0 miscut,spans an RA 0/360 frame; HDU0 TAN-WCS off by ~95-176px over the whole frame -> cutout miscut (ra=359.9644),False
1237672795032060031,train,RA~0 miscut,spans an RA 0/360 frame; HDU0 TAN-WCS off by ~95-176px over the whole frame -> cutout miscut (ra=0.1097),False
1237672795032060033,train,RA~0 miscut,spans an RA 0/360 frame; HDU0 TAN-WCS off by ~95-176px over the whole frame -> cutout miscut (ra=0.1114),False
1237672795032060066,train,RA~0 miscut,spans an RA 0/360 frame; HDU0 TAN-WCS off by ~95-176px over the whole frame -> cutout miscut (ra=0.1268),False
1237672795032125567,train,RA~0 miscut,spans an RA 0/360 frame; HDU0 TAN-WCS off by ~95-176px over the whole frame -> cutout miscut (ra=0.0706),False
1237672795032125627,train,RA~0 miscut,spans an RA 0/360 frame; HDU0 TAN-WCS off by ~95-176px over the whole frame -> cutout miscut (ra=0.0694),False
1237672795032125680,validate,RA~0 miscut,spans an RA 0/360 frame; HDU0 TAN-WCS off by ~95-176px over the whole frame -> cutout miscut (ra=0.1031),False
1237672795032256718,train,RA~0 miscut,spans an RA 0/360 frame; HDU0 TAN-WCS off by ~95-176px over the whole frame -> cutout miscut (ra=0.1470),False
1237672840671265098,train,RA~0 miscut,spans an RA 0/360 frame; HDU0 TAN-WCS off by ~95-176px over the whole frame -> cutout miscut (ra=359.9695),False
1237678578754977960,train,RA~0 miscut,spans an RA 0/360 frame; HDU0 TAN-WCS off by ~95-176px over the whole frame -> cutout miscut (ra=359.9460),False
1237678578754978029,validate,RA~0 miscut,spans an RA 0/360 frame; HDU0 TAN-WCS off by ~95-176px over the whole frame -> cutout miscut (ra=0.0706),False
1237678578754978266,train,RA~0 miscut,spans an RA 0/360 frame; HDU0 TAN-WCS off by ~95-176px over the whole frame -> cutout miscut (ra=0.0616),False
1237678596479779010,train,RA~0 miscut,spans an RA 0/360 frame; HDU0 TAN-WCS off by ~95-176px over the whole frame -> cutout miscut (ra=359.8632),False
1237678597016780959,train,RA~0 miscut,spans an RA 0/360 frame; HDU0 TAN-WCS off by ~95-176px over the whole frame -> cutout miscut (ra=0.0813),False
1237678597553521348,train,RA~0 miscut,spans an RA 0/360 frame; HDU0 TAN-WCS off by ~95-176px over the whole frame -> cutout miscut (ra=359.8633),False
1237678598090457132,train,RA~0 miscut,spans an RA 0/360 frame; HDU0 TAN-WCS off by ~95-176px over the whole frame -> cutout miscut (ra=359.9355),False
1237678598090457293,train,RA~0 miscut,spans an RA 0/360 frame; HDU0 TAN-WCS off by ~95-176px over the whole frame -> cutout miscut (ra=359.9223),False
1237678598090457296,train,RA~0 miscut,spans an RA 0/360 frame; HDU0 TAN-WCS off by ~95-176px over the whole frame -> cutout miscut (ra=359.9707),False
1237678598627328358,validate,RA~0 miscut,spans an RA 0/360 frame; HDU0 TAN-WCS off by ~95-176px over the whole frame -> cutout miscut (ra=359.9200),False
1237678598627393614,train,RA~0 miscut,spans an RA 0/360 frame; HDU0 TAN-WCS off by ~95-176px over the whole frame -> cutout miscut (ra=0.0522),False
1237678600231452866,train,RA~0 miscut,spans an RA 0/360 frame; HDU0 TAN-WCS off by ~95-176px over the whole frame -> cutout miscut (ra=359.9078),False
1237678600231452995,train,RA~0 miscut,spans an RA 0/360 frame; HDU0 TAN-WCS off by ~95-176px over the whole frame -> cutout miscut (ra=359.9758),False
1237678600231518542,train,RA~0 miscut,spans an RA 0/360 frame; HDU0 TAN-WCS off by ~95-176px over the whole frame -> cutout miscut (ra=0.0982),False
1237678601305260272,train,RA~0 miscut,spans an RA 0/360 frame; HDU0 TAN-WCS off by ~95-176px over the whole frame -> cutout miscut (ra=0.0955),False
1237678601842065610,train,RA~0 miscut,spans an RA 0/360 frame; HDU0 TAN-WCS off by ~95-176px over the whole frame -> cutout miscut (ra=359.8656),False
1237678601842131225,train,RA~0 miscut,spans an RA 0/360 frame; HDU0 TAN-WCS off by ~95-176px over the whole frame -> cutout miscut (ra=0.0786),False
1237678601842131792,train,RA~0 miscut,spans an RA 0/360 frame; HDU0 TAN-WCS off by ~95-176px over the whole frame -> cutout miscut (ra=0.1010),False
1237678602915873195,train,RA~0 miscut,spans an RA 0/360 frame; HDU0 TAN-WCS off by ~95-176px over the whole frame -> cutout miscut (ra=359.9666),False
1237678617954681037,validate,RA~0 miscut,spans an RA 0/360 frame; HDU0 TAN-WCS off by ~95-176px over the whole frame -> cutout miscut (ra=359.9521),False
1237678619028422934,train,RA~0 miscut,spans an RA 0/360 frame; HDU0 TAN-WCS off by ~95-176px over the whole frame -> cutout miscut (ra=0.0111),False
1237678620102164687,train,RA~0 miscut,spans an RA 0/360 frame; HDU0 TAN-WCS off by ~95-176px over the whole frame -> cutout miscut (ra=359.9359),False
1237678620102164747,train,RA~0 miscut,spans an RA 0/360 frame; HDU0 TAN-WCS off by ~95-176px over the whole frame -> cutout miscut (ra=359.8896),False
1237678620102164797,train,RA~0 miscut,spans an RA 0/360 frame; HDU0 TAN-WCS off by ~95-176px over the whole frame -> cutout miscut (ra=359.9905),False
1237678620102165136,train,RA~0 miscut,spans an RA 0/360 frame; HDU0 TAN-WCS off by ~95-176px over the whole frame -> cutout miscut (ra=359.9469),False
1237678620102230198,train,RA~0 miscut,spans an RA 0/360 frame; HDU0 TAN-WCS off by ~95-176px over the whole frame -> cutout miscut (ra=0.0571),False
1237678660350247070,validate,RA~0 miscut,spans an RA 0/360 frame; HDU0 TAN-WCS off by ~95-176px over the whole frame -> cutout miscut (ra=359.9392),False
1237678660887118028,train,RA~0 miscut,spans an RA 0/360 frame; HDU0 TAN-WCS off by ~95-176px over the whole frame -> cutout miscut (ra=359.8964),False
1237678661960794381,train,RA~0 miscut,spans an RA 0/360 frame; HDU0 TAN-WCS off by ~95-176px over the whole frame -> cutout miscut (ra=359.8553),False
1237678661960859755,train,RA~0 miscut,spans an RA 0/360 frame; HDU0 TAN-WCS off by ~95-176px over the whole frame -> cutout miscut (ra=359.8883),False
1237678662497796189,validate,RA~0 miscut,spans an RA 0/360 frame; HDU0 TAN-WCS off by ~95-176px over the whole frame -> cutout miscut (ra=0.0905),False
1237678662497796287,train,RA~0 miscut,spans an RA 0/360 frame; HDU0 TAN-WCS off by ~95-176px over the whole frame -> cutout miscut (ra=0.1477),False
1237678776330682402,train,RA~0 miscut,spans an RA 0/360 frame; HDU0 TAN-WCS off by ~95-176px over the whole frame -> cutout miscut (ra=0.0489),False
1237678776867553383,train,RA~0 miscut,spans an RA 0/360 frame; HDU0 TAN-WCS off by ~95-176px over the whole frame -> cutout miscut (ra=0.0574),False
1237678776867553432,train,RA~0 miscut,spans an RA 0/360 frame; HDU0 TAN-WCS off by ~95-176px over the whole frame -> cutout miscut (ra=0.1328),False
1237678777941229766,train,RA~0 miscut,spans an RA 0/360 frame; HDU0 TAN-WCS off by ~95-176px over the whole frame -> cutout miscut (ra=359.9671),False
1237678778478100612,train,RA~0 miscut,spans an RA 0/360 frame; HDU0 TAN-WCS off by ~95-176px over the whole frame -> cutout miscut (ra=359.9374),False
1237678778478100958,train,RA~0 miscut,spans an RA 0/360 frame; HDU0 TAN-WCS off by ~95-176px over the whole frame -> cutout miscut (ra=359.9893),False
1237678778478166077,train,RA~0 miscut,spans an RA 0/360 frame; HDU0 TAN-WCS off by ~95-176px over the whole frame -> cutout miscut (ra=0.0425),False
1237678779015037252,train,RA~0 miscut,spans an RA 0/360 frame; HDU0 TAN-WCS off by ~95-176px over the whole frame -> cutout miscut (ra=0.1031),False
1237678857934733499,train,RA~0 miscut,spans an RA 0/360 frame; HDU0 TAN-WCS off by ~95-176px over the whole frame -> cutout miscut (ra=359.9644),False
1237678857934733504,train,RA~0 miscut,spans an RA 0/360 frame; HDU0 TAN-WCS off by ~95-176px over the whole frame -> cutout miscut (ra=359.9848),False
1237678858471604316,train,RA~0 miscut,spans an RA 0/360 frame; HDU0 TAN-WCS off by ~95-176px over the whole frame -> cutout miscut (ra=359.9208),False
1237678858471604332,train,RA~0 miscut,spans an RA 0/360 frame; HDU0 TAN-WCS off by ~95-176px over the whole frame -> cutout miscut (ra=359.9576),False
1237678858471604414,train,RA~0 miscut,spans an RA 0/360 frame; HDU0 TAN-WCS off by ~95-176px over the whole frame -> cutout miscut (ra=359.9309),False
1237678858471604417,train,RA~0 miscut,spans an RA 0/360 frame; HDU0 TAN-WCS off by ~95-176px over the whole frame -> cutout miscut (ra=359.9463),False
1237678858471604428,validate,RA~0 miscut,spans an RA 0/360 frame; HDU0 TAN-WCS off by ~95-176px over the whole frame -> cutout miscut (ra=359.9729),False
1237678859008410224,validate,RA~0 miscut,spans an RA 0/360 frame; HDU0 TAN-WCS off by ~95-176px over the whole frame -> cutout miscut (ra=359.8996),False
1237678859545346491,train,RA~0 miscut,spans an RA 0/360 frame; HDU0 TAN-WCS off by ~95-176px over the whole frame -> cutout miscut (ra=359.9555),False
1237678860082282713,train,RA~0 miscut,spans an RA 0/360 frame; HDU0 TAN-WCS off by ~95-176px over the whole frame -> cutout miscut (ra=0.1094),False
1237678860619153648,train,RA~0 miscut,spans an RA 0/360 frame; HDU0 TAN-WCS off by ~95-176px over the whole frame -> cutout miscut (ra=0.1290),False
1237678879946899460,train,RA~0 miscut,spans an RA 0/360 frame; HDU0 TAN-WCS off by ~95-176px over the whole frame -> cutout miscut (ra=359.9796),False
1237678879946899805,train,RA~0 miscut,spans an RA 0/360 frame; HDU0 TAN-WCS off by ~95-176px over the whole frame -> cutout miscut (ra=359.9742),False
1237678882094317682,train,RA~0 miscut,spans an RA 0/360 frame; HDU0 TAN-WCS off by ~95-176px over the whole frame -> cutout miscut (ra=359.9100),False
1237678882094383250,train,RA~0 miscut,spans an RA 0/360 frame; HDU0 TAN-WCS off by ~95-176px over the whole frame -> cutout miscut (ra=0.0526),False
1237678905171837121,train,RA~0 miscut,spans an RA 0/360 frame; HDU0 TAN-WCS off by ~95-176px over the whole frame -> cutout miscut (ra=359.8733),False
1237678905171902799,train,RA~0 miscut,spans an RA 0/360 frame; HDU0 TAN-WCS off by ~95-176px over the whole frame -> cutout miscut (ra=359.9167),False
1237678905708773629,train,RA~0 miscut,spans an RA 0/360 frame; HDU0 TAN-WCS off by ~95-176px over the whole frame -> cutout miscut (ra=359.9630),False
1237678907319386221,train,RA~0 miscut,spans an RA 0/360 frame; HDU0 TAN-WCS off by ~95-176px over the whole frame -> cutout miscut (ra=359.9050),False
1237678907319451675,train,RA~0 miscut,spans an RA 0/360 frame; HDU0 TAN-WCS off by ~95-176px over the whole frame -> cutout miscut (ra=0.0972),False
1237678919130874048,train,RA~0 miscut,spans an RA 0/360 frame; HDU0 TAN-WCS off by ~95-176px over the whole frame -> cutout miscut (ra=359.9458),False
1237678919130874062,train,RA~0 miscut,spans an RA 0/360 frame; HDU0 TAN-WCS off by ~95-176px over the whole frame -> cutout miscut (ra=359.9555),False
1237678919130874099,train,RA~0 miscut,spans an RA 0/360 frame; HDU0 TAN-WCS off by ~95-176px over the whole frame -> cutout miscut (ra=359.8922),False
1237678919130874114,train,RA~0 miscut,spans an RA 0/360 frame; HDU0 TAN-WCS off by ~95-176px over the whole frame -> cutout miscut (ra=359.9352),False
1237678919130874126,train,RA~0 miscut,spans an RA 0/360 frame; HDU0 TAN-WCS off by ~95-176px over the whole frame -> cutout miscut (ra=359.9592),False
1237678919130874128,train,RA~0 miscut,spans an RA 0/360 frame; HDU0 TAN-WCS off by ~95-176px over the whole frame -> cutout miscut (ra=359.9618),False
1237678919130874157,train,RA~0 miscut,spans an RA 0/360 frame; HDU0 TAN-WCS off by ~95-176px over the whole frame -> cutout miscut (ra=359.8995),False
1237678919130874336,train,RA~0 miscut,spans an RA 0/360 frame; HDU0 TAN-WCS off by ~95-176px over the whole frame -> cutout miscut (ra=359.9003),False
1237678919130874342,train,RA~0 miscut,spans an RA 0/360 frame; HDU0 TAN-WCS off by ~95-176px over the whole frame -> cutout miscut (ra=359.9012),False
1237678919130874425,train,RA~0 miscut,spans an RA 0/360 frame; HDU0 TAN-WCS off by ~95-176px over the whole frame -> cutout miscut (ra=359.9314),False
1237678919130874501,train,RA~0 miscut,spans an RA 0/360 frame; HDU0 TAN-WCS off by ~95-176px over the whole frame -> cutout miscut (ra=359.9500),False
1237678919130874574,train,RA~0 miscut,spans an RA 0/360 frame; HDU0 TAN-WCS off by ~95-176px over the whole frame -> cutout miscut (ra=359.9751),False
1237678919130939665,train,RA~0 miscut,spans an RA 0/360 frame; HDU0 TAN-WCS off by ~95-176px over the whole frame -> cutout miscut (ra=0.0733),False
1237678919130939674,train,RA~0 miscut,spans an RA 0/360 frame; HDU0 TAN-WCS off by ~95-176px over the whole frame -> cutout miscut (ra=0.1388),False
1237678919667744883,validate,RA~0 miscut,spans an RA 0/360 frame; HDU0 TAN-WCS off by ~95-176px over the whole frame -> cutout miscut (ra=359.8581),False
1237678919667810447,train,RA~0 miscut,spans an RA 0/360 frame; HDU0 TAN-WCS off by ~95-176px over the whole frame -> cutout miscut (ra=0.0607),False
1237678920204615772,train,RA~0 miscut,spans an RA 0/360 frame; HDU0 TAN-WCS off by ~95-176px over the whole frame -> cutout miscut (ra=359.8791),False
1237678920204615868,train,RA~0 miscut,spans an RA 0/360 frame; HDU0 TAN-WCS off by ~95-176px over the whole frame -> cutout miscut (ra=359.9504),False
1237678920204681310,validate,RA~0 miscut,spans an RA 0/360 frame; HDU0 TAN-WCS off by ~95-176px over the whole frame -> cutout miscut (ra=359.9879),False
1237678920741552445,train,RA~0 miscut,spans an RA 0/360 frame; HDU0 TAN-WCS off by ~95-176px over the whole frame -> cutout miscut (ra=359.9727),False
1237678920741552446,train,RA~0 miscut,spans an RA 0/360 frame; HDU0 TAN-WCS off by ~95-176px over the whole frame -> cutout miscut (ra=359.9766),False
1237678920741617732,train,RA~0 miscut,spans an RA 0/360 frame; HDU0 TAN-WCS off by ~95-176px over the whole frame -> cutout miscut (ra=0.1314),False
1237678920741617973,train,RA~0 miscut,spans an RA 0/360 frame; HDU0 TAN-WCS off by ~95-176px over the whole frame -> cutout miscut (ra=0.1423),False
1237679317478670571,validate,RA~0 miscut,spans an RA 0/360 frame; HDU0 TAN-WCS off by ~95-176px over the whole frame -> cutout miscut (ra=359.8505),False
1237679317478735963,train,RA~0 miscut,spans an RA 0/360 frame; HDU0 TAN-WCS off by ~95-176px over the whole frame -> cutout miscut (ra=359.9784),False
1237679317478736077,validate,RA~0 miscut,spans an RA 0/360 frame; HDU0 TAN-WCS off by ~95-176px over the whole frame -> cutout miscut (ra=0.0358),False
1237679317478736124,train,RA~0 miscut,spans an RA 0/360 frame; HDU0 TAN-WCS off by ~95-176px over the whole frame -> cutout miscut (ra=0.0202),False
1237679319626154251,train,RA~0 miscut,spans an RA 0/360 frame; HDU0 TAN-WCS off by ~95-176px over the whole frame -> cutout miscut (ra=359.8693),False
1237679319626219675,train,RA~0 miscut,spans an RA 0/360 frame; HDU0 TAN-WCS off by ~95-176px over the whole frame -> cutout miscut (ra=0.0524),False
1237679319626219750,train,RA~0 miscut,spans an RA 0/360 frame; HDU0 TAN-WCS off by ~95-176px over the whole frame -> cutout miscut (ra=0.0239),False
1237679319626285240,train,RA~0 miscut,spans an RA 0/360 frame; HDU0 TAN-WCS off by ~95-176px over the whole frame -> cutout miscut (ra=0.1392),False
1237679320163090705,train,RA~0 miscut,spans an RA 0/360 frame; HDU0 TAN-WCS off by ~95-176px over the whole frame -> cutout miscut (ra=0.0088),False
1237679320163156215,train,RA~0 miscut,spans an RA 0/360 frame; HDU0 TAN-WCS off by ~95-176px over the whole frame -> cutout miscut (ra=0.1329),False
1237679321772392600,validate,RA~0 miscut,spans an RA 0/360 frame; HDU0 TAN-WCS off by ~95-176px over the whole frame -> cutout miscut (ra=0.0728),False
1237679323382874244,train,RA~0 miscut,spans an RA 0/360 frame; HDU0 TAN-WCS off by ~95-176px over the whole frame -> cutout miscut (ra=359.8822),False
1237679435592171768,train,RA~0 miscut,spans an RA 0/360 frame; HDU0 TAN-WCS off by ~95-176px over the whole frame -> cutout miscut (ra=359.8941),False
1237679436129108146,train,RA~0 miscut,spans an RA 0/360 frame; HDU0 TAN-WCS off by ~95-176px over the whole frame -> cutout miscut (ra=0.0605),False
1237679476396523780,train,RA~0 miscut,spans an RA 0/360 frame; HDU0 TAN-WCS off by ~95-176px over the whole frame -> cutout miscut (ra=359.9946),False
1237679476396523823,train,RA~0 miscut,spans an RA 0/360 frame; HDU0 TAN-WCS off by ~95-176px over the whole frame -> cutout miscut (ra=0.0119),False
1237679476933460201,train,RA~0 miscut,spans an RA 0/360 frame; HDU0 TAN-WCS off by ~95-176px over the whole frame -> cutout miscut (ra=0.0970),False
1237679476933460264,train,RA~0 miscut,spans an RA 0/360 frame; HDU0 TAN-WCS off by ~95-176px over the whole frame -> cutout miscut (ra=0.1446),False
1237679478007136496,train,RA~0 miscut,spans an RA 0/360 frame; HDU0 TAN-WCS off by ~95-176px over the whole frame -> cutout miscut (ra=359.9534),False
1237679478007136945,validate,RA~0 miscut,spans an RA 0/360 frame; HDU0 TAN-WCS off by ~95-176px over the whole frame -> cutout miscut (ra=359.9694),False
1237679478007202189,train,RA~0 miscut,spans an RA 0/360 frame; HDU0 TAN-WCS off by ~95-176px over the whole frame -> cutout miscut (ra=359.9933),False
1237679502171373819,train,RA~0 miscut,spans an RA 0/360 frame; HDU0 TAN-WCS off by ~95-176px over the whole frame -> cutout miscut (ra=359.8794),False
1237679503245115650,train,RA~0 miscut,spans an RA 0/360 frame; HDU0 TAN-WCS off by ~95-176px over the whole frame -> cutout miscut (ra=0.0074),False
1237679503782051899,train,RA~0 miscut,spans an RA 0/360 frame; HDU0 TAN-WCS off by ~95-176px over the whole frame -> cutout miscut (ra=0.0344),False
1237679504318922916,validate,RA~0 miscut,spans an RA 0/360 frame; HDU0 TAN-WCS off by ~95-176px over the whole frame -> cutout miscut (ra=0.0051),False
1237679504855728697,train,RA~0 miscut,spans an RA 0/360 frame; HDU0 TAN-WCS off by ~95-176px over the whole frame -> cutout miscut (ra=359.9608),False
1237680241450352832,train,RA~0 miscut,spans an RA 0/360 frame; HDU0 TAN-WCS off by ~95-176px over the whole frame -> cutout miscut (ra=359.9003),False
1237680241450418296,train,RA~0 miscut,spans an RA 0/360 frame; HDU0 TAN-WCS off by ~95-176px over the whole frame -> cutout miscut (ra=359.9302),False
1237680241987289248,train,RA~0 miscut,spans an RA 0/360 frame; HDU0 TAN-WCS off by ~95-176px over the whole frame -> cutout miscut (ra=0.0232),False
1237680241987289273,train,RA~0 miscut,spans an RA 0/360 frame; HDU0 TAN-WCS off by ~95-176px over the whole frame -> cutout miscut (ra=0.0254),False
1237680241987289292,train,RA~0 miscut,spans an RA 0/360 frame; HDU0 TAN-WCS off by ~95-176px over the whole frame -> cutout miscut (ra=0.0558),False
1237680242524160045,train,RA~0 miscut,spans an RA 0/360 frame; HDU0 TAN-WCS off by ~95-176px over the whole frame -> cutout miscut (ra=359.9765),False
1237680243061031090,train,RA~0 miscut,spans an RA 0/360 frame; HDU0 TAN-WCS off by ~95-176px over the whole frame -> cutout miscut (ra=0.0385),False
1237680243597902016,train,RA~0 miscut,spans an RA 0/360 frame; HDU0 TAN-WCS off by ~95-176px over the whole frame -> cutout miscut (ra=0.0055),False
1237680245203796104,train,RA~0 miscut,spans an RA 0/360 frame; HDU0 TAN-WCS off by ~95-176px over the whole frame -> cutout miscut (ra=0.0262),False
1237680246814343433,train,RA~0 miscut,spans an RA 0/360 frame; HDU0 TAN-WCS off by ~95-176px over the whole frame -> cutout miscut (ra=359.9125),False
1237680246814343471,train,RA~0 miscut,spans an RA 0/360 frame; HDU0 TAN-WCS off by ~95-176px over the whole frame -> cutout miscut (ra=359.8671),False
1237680247351280238,train,RA~0 miscut,spans an RA 0/360 frame; HDU0 TAN-WCS off by ~95-176px over the whole frame -> cutout miscut (ra=0.0556),False
1237680247351345263,train,RA~0 miscut,spans an RA 0/360 frame; HDU0 TAN-WCS off by ~95-176px over the whole frame -> cutout miscut (ra=0.0932),False
1237680262926500079,train,RA~0 miscut,spans an RA 0/360 frame; HDU0 TAN-WCS off by ~95-176px over the whole frame -> cutout miscut (ra=359.9677),False
1237680262926565546,train,RA~0 miscut,spans an RA 0/360 frame; HDU0 TAN-WCS off by ~95-176px over the whole frame -> cutout miscut (ra=0.0459),False
1237680262926565647,train,RA~0 miscut,spans an RA 0/360 frame; HDU0 TAN-WCS off by ~95-176px over the whole frame -> cutout miscut (ra=0.0022),False
1237680263463370888,train,RA~0 miscut,spans an RA 0/360 frame; HDU0 TAN-WCS off by ~95-176px over the whole frame -> cutout miscut (ra=359.9768),False
1237680263463501832,validate,RA~0 miscut,spans an RA 0/360 frame; HDU0 TAN-WCS off by ~95-176px over the whole frame -> cutout miscut (ra=0.1437),False
1237680264000241770,train,RA~0 miscut,spans an RA 0/360 frame; HDU0 TAN-WCS off by ~95-176px over the whole frame -> cutout miscut (ra=359.9316),False
1237680264537112770,train,RA~0 miscut,spans an RA 0/360 frame; HDU0 TAN-WCS off by ~95-176px over the whole frame -> cutout miscut (ra=359.9697),False
1237680264537178227,train,RA~0 miscut,spans an RA 0/360 frame; HDU0 TAN-WCS off by ~95-176px over the whole frame -> cutout miscut (ra=0.0964),False
1237680264537178274,train,RA~0 miscut,spans an RA 0/360 frame; HDU0 TAN-WCS off by ~95-176px over the whole frame -> cutout miscut (ra=0.1313),False
1237680264537178494,train,RA~0 miscut,spans an RA 0/360 frame; HDU0 TAN-WCS off by ~95-176px over the whole frame -> cutout miscut (ra=0.0581),False
1237680265074049180,train,RA~0 miscut,spans an RA 0/360 frame; HDU0 TAN-WCS off by ~95-176px over the whole frame -> cutout miscut (ra=0.0100),False
1237680296744255899,train,RA~0 miscut,spans an RA 0/360 frame; HDU0 TAN-WCS off by ~95-176px over the whole frame -> cutout miscut (ra=0.0390),False
1237680296744321318,train,RA~0 miscut,spans an RA 0/360 frame; HDU0 TAN-WCS off by ~95-176px over the whole frame -> cutout miscut (ra=0.0900),False
1237680297281126642,train,RA~0 miscut,spans an RA 0/360 frame; HDU0 TAN-WCS off by ~95-176px over the whole frame -> cutout miscut (ra=359.8942),False
1237680297281127060,train,RA~0 miscut,spans an RA 0/360 frame; HDU0 TAN-WCS off by ~95-176px over the whole frame -> cutout miscut (ra=359.9272),False
1237680297281192070,train,RA~0 miscut,spans an RA 0/360 frame; HDU0 TAN-WCS off by ~95-176px over the whole frame -> cutout miscut (ra=0.0667),False
1237680297817997616,train,RA~0 miscut,spans an RA 0/360 frame; HDU0 TAN-WCS off by ~95-176px over the whole frame -> cutout miscut (ra=359.9319),False
1237680298354934018,validate,RA~0 miscut,spans an RA 0/360 frame; HDU0 TAN-WCS off by ~95-176px over the whole frame -> cutout miscut (ra=0.1115),False
1237680299428610887,train,RA~0 miscut,spans an RA 0/360 frame; HDU0 TAN-WCS off by ~95-176px over the whole frame -> cutout miscut (ra=359.9807),False
1237680299428675738,train,RA~0 miscut,spans an RA 0/360 frame; HDU0 TAN-WCS off by ~95-176px over the whole frame -> cutout miscut (ra=0.0221),False
1237680299428675823,train,RA~0 miscut,spans an RA 0/360 frame; HDU0 TAN-WCS off by ~95-176px over the whole frame -> cutout miscut (ra=359.9917),False
1237680310155477090,train,RA~0 miscut,spans an RA 0/360 frame; HDU0 TAN-WCS off by ~95-176px over the whole frame -> cutout miscut (ra=0.0381),False
1237680310155477248,train,RA~0 miscut,spans an RA 0/360 frame; HDU0 TAN-WCS off by ~95-176px over the whole frame -> cutout miscut (ra=359.9919),False
1237680310155543125,validate,RA~0 miscut,spans an RA 0/360 frame; HDU0 TAN-WCS off by ~95-176px over the whole frame -> cutout miscut (ra=0.1311),False
1237680332713951452,train,RA~0 miscut,spans an RA 0/360 frame; HDU0 TAN-WCS off by ~95-176px over the whole frame -> cutout miscut (ra=0.0455),False
1237680332713951471,train,RA~0 miscut,spans an RA 0/360 frame; HDU0 TAN-WCS off by ~95-176px over the whole frame -> cutout miscut (ra=0.0653),False
1237680332713951731,train,RA~0 miscut,spans an RA 0/360 frame; HDU0 TAN-WCS off by ~95-176px over the whole frame -> cutout miscut (ra=0.1102),False
1237680332713951737,train,RA~0 miscut,spans an RA 0/360 frame; HDU0 TAN-WCS off by ~95-176px over the whole frame -> cutout miscut (ra=0.1191),False
1237680333250756893,train,RA~0 miscut,spans an RA 0/360 frame; HDU0 TAN-WCS off by ~95-176px over the whole frame -> cutout miscut (ra=359.9038),False
1237680333250757104,train,RA~0 miscut,spans an RA 0/360 frame; HDU0 TAN-WCS off by ~95-176px over the whole frame -> cutout miscut (ra=359.9955),False
1237680509874012531,validate,RA~0 miscut,spans an RA 0/360 frame; HDU0 TAN-WCS off by ~95-176px over the whole frame -> cutout miscut (ra=0.1114),False
1237649918426874042,train,frame contamination,nan (frame 1035/1/32),False
1237651251522109452,train,frame contamination,blue u-band scattered-light glow (top-left) contaminating target cutout (frame 1345/4/715),False
1237651496296645126,train,frame contamination,very bright red star halo + diffraction spikes (top-right) engulf target cutout (frame 1402/4/126),False
1237651755087364396,train,frame contamination,lower-half i-band red flood/scattered light + red bleed column; target in flooded region (frame 1462/6/415),False
1237652935645397739,train,frame contamination,very bright red star halo + dark bleed column (top); frame contamination (frame 1737/5/93),False
1237652943706522213,train,frame contamination,diffuse nebulous structure (cirrus) over whole frame (frame 1739/4/216),False
1237652949064548669,train,frame contamination,bright-star bleed columns (green/red) + diagonal trail over whole frame (frame 1740/6/53),False
1237653440301564026,train,frame contamination,red bleed/scattered-light plume from a very bright off-frame star (left) engulfs target (frame 1855/1/55),False
1237653587940212992,train,frame contamination,very bright saturated star halo + diffraction spikes + saturation block + scattered-light gradient over whole frame (frame 1889/4/42),False
1237653622837412561,train,frame contamination,red i-band satellite trail + whole frame bluish (suspected elevated g-band sky) (frame 1897/5/51),False
1237656496181936708,train,frame contamination,diffuse nebulous structure (Galactic dust/cirrus) over whole frame (frame 2566/5/225),False
1237656568112349893,train,frame contamination,nan (frame 2583/3/68),False
1237656893459267737,train,frame contamination,red/green scattered-light plume from a bright off-frame star (left) engulfs target cutout (frame 2659/1/116),False
1237657191443464209,train,frame contamination,huge green r-band scattered-light plume/diffuse glow over most of the frame (frame 2728/4/434),False
1237657191443464326,train,frame contamination,huge green r-band scattered-light plume/diffuse glow over most of the frame (frame 2728/4/434),False
1237657191443464436,train,frame contamination,huge green r-band scattered-light plume/diffuse glow over most of the frame (frame 2728/4/434),False
1237657191443464439,validate,frame contamination,huge green r-band scattered-light plume/diffuse glow over most of the frame (frame 2728/4/434),False
1237657191443464443,train,frame contamination,huge green r-band scattered-light plume/diffuse glow over most of the frame (frame 2728/4/434),False
1237657191443464475,train,frame contamination,huge green r-band scattered-light plume/diffuse glow over most of the frame (frame 2728/4/434),False
1237657191443464491,train,frame contamination,huge green r-band scattered-light plume/diffuse glow over most of the frame (frame 2728/4/434),False
1237657191443464513,train,frame contamination,huge green r-band scattered-light plume/diffuse glow over most of the frame (frame 2728/4/434),False
1237657191443464528,train,frame contamination,huge green r-band scattered-light plume/diffuse glow over most of the frame (frame 2728/4/434),False
1237657191443464751,train,frame contamination,huge green r-band scattered-light plume/diffuse glow over most of the frame (frame 2728/4/434),False
1237657191443464926,train,frame contamination,huge green r-band scattered-light plume/diffuse glow over most of the frame (frame 2728/4/434),False
1237657191443464999,validate,frame contamination,huge green r-band scattered-light plume/diffuse glow over most of the frame (frame 2728/4/434),False
1237657191443529753,train,frame contamination,whole-frame bicolor scattered-light gradient (left red i / right green r); uneven sky over whole frame (frame 2728/4/435),False
1237657191443529802,train,frame contamination,whole-frame bicolor scattered-light gradient (left red i / right green r); uneven sky over whole frame (frame 2728/4/435),False
1237657191443529806,train,frame contamination,whole-frame bicolor scattered-light gradient (left red i / right green r); uneven sky over whole frame (frame 2728/4/435),False
1237657191443529865,train,frame contamination,whole-frame bicolor scattered-light gradient (left red i / right green r); uneven sky over whole frame (frame 2728/4/435),False
1237657191443530208,train,frame contamination,whole-frame bicolor scattered-light gradient (left red i / right green r); uneven sky over whole frame (frame 2728/4/435),False
1237657606419185766,train,frame contamination,very bright saturated star huge horizontal bleed bands + saturation block over whole frame (sky spikes in all bands) (frame 2825/1/45),False
1237657776606413082,train,frame contamination,target adjacent to a saturated bright star; cutout contaminated by its halo/spikes (frame 2864/6/32),False
1237657855543738420,train,frame contamination,elevated g-band sky 0.063 makes whole frame blue (sky anomaly) + blue satellite trail (frame 2883/1/296),False
1237657855543738499,train,frame contamination,elevated g-band sky 0.063 makes whole frame blue (sky anomaly) + blue satellite trail (frame 2883/1/296),False
1237657855543738502,train,frame contamination,elevated g-band sky 0.063 makes whole frame blue (sky anomaly) + blue satellite trail (frame 2883/1/296),False
1237657855543738531,train,frame contamination,elevated g-band sky 0.063 makes whole frame blue (sky anomaly) + blue satellite trail (frame 2883/1/296),False
1237658423549231118,train,frame contamination,green scattered-light plume from bright star (left) engulfs target cutout (frame 3015/3/236),False
1237658800425664616,train,frame contamination,very bright saturated star diffraction spikes + bleed trail + scattered light over whole frame (frame 3103/1/130),False
1237658918533923216,train,frame contamination,diagonal satellite trail + blue scattered-light gradient on the right (frame 3130/5/79),False
1237658919070859470,train,frame contamination,very bright saturated star huge bleed + spikes + scattered light (bottom-left); sky elevated ~0.06 in all bands (frame 3130/6/80),False
1237660412648227109,train,frame contamination,blue-cyan scattered-light patch on left edge covering target cutout (frame 3478/4/118),False
1237660584441086075,validate,frame contamination,target adjacent to a bright star; cutout contaminated by its halo/spikes (frame 3518/4/29),False
1237661070319157408,validate,frame contamination,target adjacent to a bright star; cutout contaminated by its halo/spikes (frame 3631/5/180),False
1237661416060092621,train,frame contamination,very bright star scattered light + ghosts + bleed bands (bottom-left); sky elevated ~0.1 in all bands (frame 3712/1/120),False
1237661464921309453,train,frame contamination,red/green scattered-light plume from a bright off-frame star (right) engulfs target cutout (frame 3723/4/211),False
1237661872394010647,validate,frame contamination,target adjacent to a bright star; cutout contaminated by its halo/diffraction spikes (frame 3818/3/23),False
1237662195077677077,train,frame contamination,target adjacent to a saturated bright star; cutout contaminated by its halo/spikes (frame 3893/4/393),False
1237662224090005527,train,frame contamination,target adjacent to a saturated bright star; cutout contaminated by its halo/spikes (frame 3900/2/718),False
1237662498941108431,train,frame contamination,green bleed column + left scattered light/brightness step; frame-level contamination (frame 3964/2/309),False
1237662640656285819,train,frame contamination,target adjacent to a saturated bright star; cutout contaminated by its halo/spikes (frame 3997/2/23),False
1237663542609773133,train,frame contamination,scattered-light gradient (top-right; brighter/tinted background) covering target cutout (frame 4207/2/181),False
1237663547972190347,train,frame contamination,nan (frame 4208/4/85),False
1237663547972190532,train,frame contamination,nan (frame 4208/4/85),False
1237663783680737336,validate,frame contamination,target adjacent to a bright star; cutout contaminated by its halo/diffraction spikes (frame 4263/3/424),False
1237664673796456487,train,frame contamination,elevated g-band sky (+0.049 nmgy) makes whole frame blue (sky-subtraction anomaly) (frame 4470/5/176),False
1237664673796456503,train,frame contamination,elevated g-band sky (+0.049 nmgy) makes whole frame blue (sky-subtraction anomaly) (frame 4470/5/176),False
1237664673796456690,train,frame contamination,elevated g-band sky (+0.049 nmgy) makes whole frame blue (sky-subtraction anomaly) (frame 4470/5/176),False
1237664673796456743,train,frame contamination,elevated g-band sky (+0.049 nmgy) makes whole frame blue (sky-subtraction anomaly) (frame 4470/5/176),False
1237664673796456758,train,frame contamination,elevated g-band sky (+0.049 nmgy) makes whole frame blue (sky-subtraction anomaly) (frame 4470/5/176),False
1237664673796456951,train,frame contamination,elevated g-band sky (+0.049 nmgy) makes whole frame blue (sky-subtraction anomaly) (frame 4470/5/176),False
1237664673796522016,train,frame contamination,g-band sky residual +0.115 nmgy makes whole frame blue (sky-subtraction anomaly) (frame 4470/5/177),False
1237664673796522169,train,frame contamination,g-band sky residual +0.115 nmgy makes whole frame blue (sky-subtraction anomaly) (frame 4470/5/177),False
1237664834849079426,train,frame contamination,red/green scattered-light plume from a bright off-frame star (left) engulfs target cutout (frame 4508/1/44),False
1237665127994556446,train,frame contamination,target adjacent to a saturated bright star; cutout contaminated by its halo/spikes (frame 4576/3/257),False
1237666409554183285,train,frame contamination,whole-frame green r-band flood / sky anomaly over whole frame (frame 4874/6/1001),False
1237667211049631977,train,frame contamination,very bright saturated star halo + diffraction spikes + horizontal bleed streaks over whole frame (frame 5061/3/195),False
1237667212135825473,train,frame contamination,red i-band scattered-light plume from a bright star engulfs target cutout (frame 5061/5/385),False
1237667430646218908,train,frame contamination,elevated i-band sky (+0.079) makes whole frame reddish + green satellite trail (frame 5112/4/445),False
1237667430646218946,train,frame contamination,elevated i-band sky (+0.079) makes whole frame reddish + green satellite trail (frame 5112/4/445),False
1237667430646218957,train,frame contamination,elevated i-band sky (+0.079) makes whole frame reddish + green satellite trail (frame 5112/4/445),False
1237667430646218975,train,frame contamination,elevated i-band sky (+0.079) makes whole frame reddish + green satellite trail (frame 5112/4/445),False
1237667728049374221,train,frame contamination,green diffuse glow/scattered light over whole frame (frame 5181/6/89),False
1237667781772705978,train,frame contamination,nan (frame 5194/2/642),False
1237667781772706092,train,frame contamination,nan (frame 5194/2/642),False
1237668270822588447,train,frame contamination,target adjacent to a saturated bright star; cutout contaminated by its halo/spikes (frame 5308/1/39),False
1237668273513824541,train,frame contamination,nan (frame 5308/6/144),False
1237668585434055112,train,frame contamination,lower-half i-band red flood/scattered light + red bleed column; target in flooded region (frame 5381/3/117),False
1237668585434120304,train,frame contamination,nan (frame 5381/3/118),False
1237668585434120565,train,frame contamination,nan (frame 5381/3/118),False
1237669681726554511,train,frame contamination,very bright saturated star halo + diffraction spikes + green bleed column dominating whole frame (frame 5636/5/149),False
1237673808655810662,train,frame contamination,target adjacent to a saturated bright star; cutout contaminated by its halo/spikes (frame 6597/4/188),False
1237679322852426085,train,frame contamination,scattered-light ghost + bright diagonal streaks; target in contaminated region (frame 7881/3/119),False
1237680297812361733,train,frame contamination,diffuse nebulous structure (cirrus/dust) over whole frame; target in nebulous region (frame 8108/3/155),False
1237680302640005661,validate,frame contamination,two very bright stars with halos + diffraction spikes; i-band sky elevated 0.106 (frame 8109/4/91),False
1237651192437473878,train,satellite trail,multiple parallel blue u-band satellite trails crossing whole frame (frame 1331/6/275),False
1237658918533923345,train,satellite trail,diagonal satellite trail + target near right edge (frame 3130/5/79),False
1237660670894538903,train,satellite trail,red i-band satellite trail adjacent to target cutout (frame 3538/5/292),False
1237661815487660169,train,satellite trail,red i-band satellite trail crossing target cutout (frame 3805/1/53),False
1237662195596918811,train,satellite trail,blue u-band satellite trail crossing target cutout (frame 3893/5/124),False
1237662337332871241,train,satellite trail,blue u-band satellite trail crossing target cutout (frame 3926/5/155),False
1237662500549886343,train,satellite trail,satellite/aircraft trail across cutout (bright g-band line) (frame 3964/5/281),False
1237663784214069699,train,satellite trail,green satellite/aircraft trail passing through target cutout (frame 4263/4/370),False
1237678617432818000,train,satellite trail,green r-band satellite trail crossing target cutout (frame 7717/1/558),False
